代碼,股本,ROE%,PB,當月營收YOY,當月營收MOM,稅後淨利成長率%,除息日,公司動態,股東會日,營收月份,法說會日
1440,0.0,0.0,0.0,0.0,0.0,0.0,,,,--,
1442,0.0,0.0,0.0,0.0,0.0,0.0,,,,--,
1449,0.0,0.0,0.0,0.0,0.0,0.0,,,,--,
1453,11.0,0.1,1.4,7.8,0.0,-96.8,,,2025/06/13,2025/02,
1454,0.0,0.0,0.0,0.0,0.0,0.0,,,,--,
1455,0.0,0.0,0.0,0.0,0.0,0.0,,,,--,
1456,0.0,0.0,0.0,0.0,0.0,0.0,,,,--,
1463,0.0,0.0,0.0,0.0,0.0,0.0,,,,--,
1477,0.0,0.0,0.0,0.0,0.0,0.0,,,,--,
1503,52.1,8.8,2.3,1.8,-31.2,27.8,,2月營收29.21億元,2025/06/13,2025/02,
1504,213.9,7.4,1.4,6.4,3.1,-1.3,,3/25法說會,2025/06/03,2025/02,
1513,50.3,20.6,3.8,15.8,11.7,128.8,,3/25法說會,2025/05/23,2025/02,
1514,26.8,15.3,5.1,20.4,18.9,5.7,,,2025/06/11,2025/02,
1519,28.7,57.3,17.2,46.1,-7.7,66.7,,,2025/06/13,2025/02,
1522,31.3,15.9,1.9,-7.5,-9.2,37.8,,,2025/06/19,2025/02,
1524,16.5,20.6,2.3,19.7,20.7,69.9,2025/04/17,4/17除息2.30元,2025/06/17,2025/02,
1527,0.0,0.0,0.0,0.0,0.0,0.0,,,,--,
1528,19.1,-6.5,1.4,-4.8,7.2,-423.6,,,2025/05/26,2025/02,
1529,15.5,-1.0,2.5,390.6,185.1,-112.8,,2月營收1.19億元,2025/05/23,2025/02,
1530,0.0,0.0,0.0,0.0,0.0,0.0,,,,--,
1532,0.0,0.0,0.0,0.0,0.0,0.0,,,,--,
1536,28.0,2.2,2.3,-7.0,20.6,-39.6,2025/04/10,4/10除息0.80元,2025/06/10,2025/02,
1539,0.0,0.0,0.0,0.0,0.0,0.0,,,,--,
1540,8.6,12.2,2.1,16.7,-46.6,62.9,,,2025/06/27,2025/02,
1560,0.0,0.0,0.0,0.0,0.0,0.0,,,,--,
1569,0.0,0.0,0.0,0.0,0.0,0.0,,,,--,
1570,0.0,0.0,0.0,0.0,0.0,0.0,,,,--,
1582,0.0,0.0,0.0,0.0,0.0,0.0,,,,--,
1584,23.2,7.0,1.4,9.6,0.1,-38.8,,3/26參加凱基證券舉辦之線上法說會,2025/05/22,2025/02,
1597,8.9,4.0,3.4,33.9,16.3,-4.3,,,2025/05/28,2025/02,
1603,0.0,0.0,0.0,0.0,0.0,0.0,,,,--,
1605,0.0,0.0,0.0,0.0,0.0,0.0,,,,--,
1608,0.0,0.0,0.0,0.0,0.0,0.0,,,,--,
1609,0.0,0.0,0.0,0.0,0.0,0.0,,,,--,
1611,0.0,0.0,0.0,0.0,0.0,0.0,,,,--,
1612,0.0,0.0,0.0,0.0,0.0,0.0,,,,--,
1616,0.0,0.0,0.0,0.0,0.0,0.0,,,,--,
1617,0.0,0.0,0.0,0.0,0.0,0.0,,,,--,
1618,0.0,0.0,0.0,0.0,0.0,0.0,,,,--,
1702,0.0,0.0,0.0,0.0,0.0,0.0,,,,--,
1708,0.0,0.0,0.0,0.0,0.0,0.0,,,,--,
1709,0.0,0.0,0.0,0.0,0.0,0.0,,,,--,
1710,0.0,0.0,0.0,0.0,0.0,0.0,,,,--,
1711,0.0,0.0,0.0,0.0,0.0,0.0,,,,--,
1714,0.0,0.0,0.0,0.0,0.0,0.0,,,,--,
1717,0.0,0.0,0.0,0.0,0.0,0.0,,,,--,
1718,0.0,0.0,0.0,0.0,0.0,0.0,,,,--,
1720,0.0,0.0,0.0,0.0,0.0,0.0,,,,--,
1721,0.0,0.0,0.0,0.0,0.0,0.0,,,,--,
1722,98.0,3.6,0.9,7.2,-10.9,-49.8,,,2025/06/10,2025/02,
1727,0.0,0.0,0.0,0.0,0.0,0.0,,,,--,
1737,0.0,0.0,0.0,0.0,0.0,0.0,,,,--,
1776,0.0,0.0,0.0,0.0,0.0,0.0,,,,--,
1783,0.0,0.0,0.0,0.0,0.0,0.0,,,,--,
1784,0.0,0.0,0.0,0.0,0.0,0.0,,,,--,
1785,59.6,14.0,2.7,76.6,-13.0,78.2,,,2025/06/12,2025/02,
1789,0.0,0.0,0.0,0.0,0.0,0.0,,,,--,
1795,0.0,0.0,0.0,0.0,0.0,0.0,,,,--,
1799,0.0,0.0,0.0,0.0,0.0,0.0,,,,--,
1802,0.0,0.0,0.0,0.0,0.0,0.0,,,,--,
1806,0.0,0.0,0.0,0.0,0.0,0.0,,,,--,
1808,0.0,0.0,0.0,0.0,0.0,0.0,,,,--,
1809,0.0,0.0,0.0,0.0,0.0,0.0,,,,--,
1815,52.0,0.9,2.3,89.5,-18.2,109.7,,,2025/06/13,2025/02,
1907,0.0,0.0,0.0,0.0,0.0,0.0,,,,--,
1909,0.0,0.0,0.0,0.0,0.0,0.0,,,,--,
2006,0.0,0.0,0.0,0.0,0.0,0.0,,,,--,
2014,0.0,0.0,0.0,0.0,0.0,0.0,,,,--,
2020,0.0,0.0,0.0,0.0,0.0,0.0,,,,--,
2025,0.0,0.0,0.0,0.0,0.0,0.0,,,,--,
2027,0.0,0.0,0.0,0.0,0.0,0.0,,,,--,
2031,0.0,0.0,0.0,0.0,0.0,0.0,,,,--,
2049,0.0,0.0,0.0,0.0,0.0,0.0,,,,--,
2059,9.5,32.6,8.3,164.7,8.6,127.6,,,2025/06/27,2025/02,
2061,0.0,0.0,0.0,0.0,0.0,0.0,,,,--,
2062,0.0,0.0,0.0,0.0,0.0,0.0,,,,--,
2066,4.5,12.8,2.0,-4.3,-3.9,-19.3,,,2025/05/29,2025/02,
2070,0.0,0.0,0.0,0.0,0.0,0.0,,,,--,
2101,0.0,0.0,0.0,0.0,0.0,0.0,,,,--,
2103,0.0,0.0,0.0,0.0,0.0,0.0,,,,--,
2104,0.0,0.0,0.0,0.0,0.0,0.0,,,,--,
2107,0.0,0.0,0.0,0.0,0.0,0.0,,,,--,
2108,0.0,0.0,0.0,0.0,0.0,0.0,,,,--,
2201,0.0,0.0,0.0,0.0,0.0,0.0,,,,--,
2204,0.0,0.0,0.0,0.0,0.0,0.0,,,,--,
2206,0.0,0.0,0.0,0.0,0.0,0.0,,,,--,
2208,0.0,0.0,0.0,0.0,0.0,0.0,,,,--,
2233,0.0,0.0,0.0,0.0,0.0,0.0,,,,--,
2236,0.0,0.0,0.0,0.0,0.0,0.0,,,,--,
2241,0.0,0.0,0.0,0.0,0.0,0.0,,,,--,
2243,0.0,0.0,0.0,0.0,0.0,0.0,,,,--,
2250,0.0,0.0,0.0,0.0,0.0,0.0,,,,--,
2301,0.0,0.0,0.0,0.0,0.0,0.0,,,,--,
2303,1255.8,12.8,1.5,4.2,-8.2,-23.3,,,2025/05/28,2025/02,
2308,0.0,0.0,0.0,0.0,0.0,0.0,,,,--,
2312,150.5,6.6,1.5,31.1,-11.2,189.0,,,2025/06/03,2025/02,
2313,0.0,0.0,0.0,0.0,0.0,0.0,,,,--,
2314,25.2,-85.0,4.0,-48.9,-20.4,-84.9,,2月營收0.75億元,2025/06/18,2025/02,
2316,0.0,0.0,0.0,0.0,0.0,0.0,,,,--,
2317,1389.2,9.7,1.4,56.4,2.4,10.9,,3/27法說會,2025/05/29,2025/02,
2323,0.0,0.0,0.0,0.0,0.0,0.0,,,,--,
2324,440.7,8.1,1.1,17.4,22.1,28.1,2025/03/27,3/27除息1.40元,2025/05/29,2025/02,
2327,0.0,0.0,0.0,0.0,0.0,0.0,,,,--,
2328,51.8,7.6,1.8,59.6,0.1,-19.4,,,2025/05/26,2025/02,
2329,0.0,0.0,0.0,0.0,0.0,0.0,,,,--,
2330,2593.3,30.0,6.0,43.1,-11.4,40.0,2025/06/12,6/12除息4.50元,2025/06/03,2025/02,
2331,0.0,0.0,0.0,0.0,0.0,0.0,,,,--,
2332,0.0,0.0,0.0,0.0,0.0,0.0,,,,--,
2337,0.0,0.0,0.0,0.0,0.0,0.0,,,,--,
2340,0.0,0.0,0.0,0.0,0.0,0.0,,,,--,
2344,450.0,0.7,1.0,2.4,4.7,1959.9,,,2025/05/27,2025/02,
2345,56.1,39.0,10.1,141.5,3.1,34.5,,,2025/06/12,2025/02,
2347,0.0,0.0,0.0,0.0,0.0,0.0,,,,--,
2348,0.0,0.0,0.0,0.0,0.0,0.0,,,,--,
2349,0.0,0.0,0.0,0.0,0.0,0.0,,,,--,
2351,18.2,10.0,2.6,15.9,1.3,-6.5,,,2025/05/29,2025/02,
2352,192.7,4.3,1.7,11.1,-6.1,-37.7,,,2025/05/29,2025/02,
2353,0.0,0.0,0.0,0.0,0.0,0.0,,,,--,
2354,141.4,3.2,0.9,322.8,10.8,-21.2,,,2025/05/29,2025/02,
2355,0.0,0.0,0.0,0.0,0.0,0.0,,,,--,
2356,0.0,0.0,0.0,0.0,0.0,0.0,,,,--,
2357,74.3,12.3,1.8,29.3,20.9,91.4,,,2025/05/28,2025/02,
2359,0.0,0.0,0.0,0.0,0.0,0.0,,,,--,
2360,0.0,0.0,0.0,0.0,0.0,0.0,,,,--,
2362,0.0,0.0,0.0,0.0,0.0,0.0,,,,--,
2363,0.0,0.0,0.0,0.0,0.0,0.0,,,,--,
2364,0.0,0.0,0.0,0.0,0.0,0.0,,,,--,
2365,22.2,4.6,3.0,20.8,-1.5,99.5,,,2025/06/09,2025/02,
2367,0.0,0.0,0.0,0.0,0.0,0.0,,,,--,
2368,0.0,0.0,0.0,0.0,0.0,0.0,,,,--,
2371,0.0,0.0,0.0,0.0,0.0,0.0,,,,--,
2374,28.9,7.5,2.4,69.4,-2.0,118.9,,,2025/06/25,2025/02,
2376,67.0,23.1,3.4,59.8,5.8,125.0,,,2025/06/10,2025/02,
2377,0.0,0.0,0.0,0.0,0.0,0.0,,,,--,
2379,51.3,32.1,5.4,44.7,-4.6,67.1,,,2025/05/28,2025/02,
2382,386.3,28.4,4.3,78.6,5.6,48.9,,,2025/06/13,2025/02,
2383,0.0,0.0,0.0,0.0,0.0,0.0,,,,--,
2385,0.0,0.0,0.0,0.0,0.0,0.0,,,,--,
2387,0.0,0.0,0.0,0.0,0.0,0.0,,,,--,
2388,0.0,0.0,0.0,0.0,0.0,0.0,,,,--,
2392,51.2,6.5,1.1,31.0,-28.3,20.0,,,2025/05/29,2025/02,
2393,44.3,15.7,1.8,6.0,-0.8,107.0,,發言人改由蘇鴻彥擔任,2025/06/11,2025/02,
2397,0.0,0.0,0.0,0.0,0.0,0.0,,,,--,
2399,0.0,0.0,0.0,0.0,0.0,0.0,,,,--,
2401,0.0,0.0,0.0,0.0,0.0,0.0,,,,--,
2402,0.0,0.0,0.0,0.0,0.0,0.0,,,,--,
2404,19.1,45.8,5.8,21.0,2.6,29.2,,,2025/06/10,2025/02,
2405,0.0,0.0,0.0,0.0,0.0,0.0,,,,--,
2406,0.0,0.0,0.0,0.0,0.0,0.0,,,,--,
2408,309.9,-3.1,0.8,-25.5,5.1,31.7,,4/10法說會,2025/05/28,2025/02,2025/04/01
2409,766.8,-1.8,0.8,24.1,13.7,83.8,,,2025/05/28,2025/02,
2412,775.7,9.7,2.6,-2.1,0.5,1.4,,,2025/05/29,2025/02,
2417,15.8,1.0,2.1,-4.1,-3.6,-65.7,,,2025/06/18,2025/02,
2419,0.0,0.0,0.0,0.0,0.0,0.0,,,,--,
2420,0.0,0.0,0.0,0.0,0.0,0.0,,,,--,
2421,0.0,0.0,0.0,0.0,0.0,0.0,,,,--,
2425,0.0,0.0,0.0,0.0,0.0,0.0,,,,--,
2426,0.0,0.0,0.0,0.0,0.0,0.0,,,,--,
2427,19.7,9.2,1.8,45.6,-25.7,12.6,,4/1法說會,2025/06/09,2025/02,
2429,8.6,-15.0,5.9,188.6,-35.8,-112.7,,3/25申報轉讓2000.00張,2025/06/13,2025/02,
2436,0.0,0.0,0.0,0.0,0.0,0.0,,,,--,
2438,0.0,0.0,0.0,0.0,0.0,0.0,,,,--,
2439,0.0,0.0,0.0,0.0,0.0,0.0,,,,--,
2442,0.0,0.0,0.0,0.0,0.0,0.0,,,,--,
2449,122.3,11.2,2.8,21.3,-4.1,34.6,,,2025/05/27,2025/02,
2451,43.0,11.8,2.2,14.6,4.4,16.6,,,2025/06/20,2025/02,
2453,10.0,14.2,3.5,6.6,16.5,10.1,,,2025/06/11,2025/02,
2454,160.2,27.5,6.1,20.0,-9.7,38.8,2025/07/03,7/3除息25.00元,2025/05/29,2025/02,
2455,0.0,0.0,0.0,0.0,0.0,0.0,,,,--,
2457,0.0,0.0,0.0,0.0,0.0,0.0,,,,--,
2458,0.0,0.0,0.0,0.0,0.0,0.0,,,,--,
2464,20.4,2.3,2.8,41.1,5.6,-39.6,,,2025/05/26,2025/02,
2465,0.0,0.0,0.0,0.0,0.0,0.0,,,,--,
2467,0.0,0.0,0.0,0.0,0.0,0.0,,,,--,
2468,7.0,5.4,3.6,40.5,-17.2,-14.7,,,2025/06/30,2025/02,
2472,0.0,0.0,0.0,0.0,0.0,0.0,,,,--,
2474,0.0,0.0,0.0,0.0,0.0,0.0,,,,--,
2476,21.1,15.4,2.3,40.6,-3.0,57.9,,,2025/06/13,2025/02,
2477,0.0,0.0,0.0,0.0,0.0,0.0,,,,--,
2486,0.0,0.0,0.0,0.0,0.0,0.0,,,,--,
2489,0.0,0.0,0.0,0.0,0.0,0.0,,,,--,
2492,0.0,0.0,0.0,0.0,0.0,0.0,,,,--,
2495,0.0,0.0,0.0,0.0,0.0,0.0,,,,--,
2497,0.0,0.0,0.0,0.0,0.0,0.0,,,,--,
2498,0.0,0.0,0.0,0.0,0.0,0.0,,,,--,
2501,0.0,0.0,0.0,0.0,0.0,0.0,,,,--,
2504,0.0,0.0,0.0,0.0,0.0,0.0,,,,--,
2505,0.0,0.0,0.0,0.0,0.0,0.0,,,,--,
2506,0.0,0.0,0.0,0.0,0.0,0.0,,,,--,
2511,0.0,0.0,0.0,0.0,0.0,0.0,,,,--,
2515,0.0,0.0,0.0,0.0,0.0,0.0,,,,--,
2520,0.0,0.0,0.0,0.0,0.0,0.0,,,,--,
2524,0.0,0.0,0.0,0.0,0.0,0.0,,,,--,
2527,0.0,0.0,0.0,0.0,0.0,0.0,,,,--,
2528,0.0,0.0,0.0,0.0,0.0,0.0,,,,--,
2530,0.0,0.0,0.0,0.0,0.0,0.0,,,,--,
2534,0.0,0.0,0.0,0.0,0.0,0.0,,,,--,
2536,0.0,0.0,0.0,0.0,0.0,0.0,,,,--,
2537,0.0,0.0,0.0,0.0,0.0,0.0,,,,--,
2538,0.0,0.0,0.0,0.0,0.0,0.0,,,,--,
2539,0.0,0.0,0.0,0.0,0.0,0.0,,,,--,
2540,0.0,0.0,0.0,0.0,0.0,0.0,,,,--,
2542,0.0,0.0,0.0,0.0,0.0,0.0,,,,--,
2543,0.0,0.0,0.0,0.0,0.0,0.0,,,,--,
2545,0.0,0.0,0.0,0.0,0.0,0.0,,,,--,
2547,0.0,0.0,0.0,0.0,0.0,0.0,,,,--,
2548,0.0,0.0,0.0,0.0,0.0,0.0,,,,--,
2597,0.0,0.0,0.0,0.0,0.0,0.0,,,,--,
2601,82.5,-2.4,0.7,-18.0,-22.7,59.2,,,2025/06/13,2025/02,
2603,216.6,26.8,0.9,13.5,-19.0,260.2,,,2025/05/29,2025/02,
2606,84.5,12.6,1.5,-9.4,-18.9,74.9,,,2025/05/27,2025/02,
2607,106.7,8.6,1.0,1.1,-18.7,2.6,,,2025/05/27,2025/02,
2609,349.2,20.8,0.8,3.1,-16.5,1169.7,,,2025/05/29,2025/02,
2610,608.1,18.4,1.7,-1.1,-16.8,107.4,,,2025/05/28,2025/02,
2613,14.8,3.6,1.3,8.5,-14.2,13.8,,,2025/05/29,2025/02,
2614,0.0,0.0,0.0,0.0,0.0,0.0,,,,--,
2615,280.6,20.3,0.9,20.0,-27.5,920.0,,3/25法說會,2025/05/29,2025/02,
2617,41.7,7.5,0.7,-2.7,-12.2,-22.8,,,2025/06/10,2025/02,
2618,540.0,24.4,1.9,0.7,-16.8,31.6,,,2025/05/23,2025/02,
2633,0.0,0.0,0.0,0.0,0.0,0.0,,,,--,
2634,94.2,9.4,2.9,-8.4,20.5,-17.2,,4/8法說會,2025/05/22,2025/02,
2637,0.0,0.0,0.0,0.0,0.0,0.0,,,,--,
2641,31.2,8.2,0.9,27.0,-2.9,37.3,,,2025/06/05,2025/02,
2645,0.0,0.0,0.0,0.0,0.0,0.0,,,,--,
2646,300.9,6.5,2.7,18.7,-19.7,787.7,,,2025/06/13,2025/02,
2731,0.0,0.0,0.0,0.0,0.0,0.0,,,,--,
2739,0.0,0.0,0.0,0.0,0.0,0.0,,,,--,
2745,0.0,0.0,0.0,0.0,0.0,0.0,,,,--,
2801,0.0,0.0,0.0,0.0,0.0,0.0,,,,--,
2809,0.0,0.0,0.0,0.0,0.0,0.0,,,,--,
2834,0.0,0.0,0.0,0.0,0.0,0.0,,,,--,
2836,0.0,0.0,0.0,0.0,0.0,0.0,,,,--,
2845,0.0,0.0,0.0,0.0,0.0,0.0,,,,--,
2851,0.0,0.0,0.0,0.0,0.0,0.0,,,,--,
2855,0.0,0.0,0.0,0.0,0.0,0.0,,,,--,
2867,0.0,0.0,0.0,0.0,0.0,0.0,,,,--,
2886,0.0,0.0,0.0,0.0,0.0,0.0,,,,--,
2887,0.0,0.0,0.0,0.0,0.0,0.0,,,,--,
2888,0.0,0.0,0.0,0.0,0.0,0.0,,,,--,
2889,0.0,0.0,0.0,0.0,0.0,0.0,,,,--,
2890,0.0,0.0,0.0,0.0,0.0,0.0,,,,--,
2891,0.0,0.0,0.0,0.0,0.0,0.0,,,,--,
2892,0.0,0.0,0.0,0.0,0.0,0.0,,,,--,
2903,0.0,0.0,0.0,0.0,0.0,0.0,,,,--,
2905,0.0,0.0,0.0,0.0,0.0,0.0,,,,--,
2912,0.0,0.0,0.0,0.0,0.0,0.0,,,,--,
2915,0.0,0.0,0.0,0.0,0.0,0.0,,,,--,
3003,15.6,9.4,1.6,11.8,17.9,11.6,2025/04/10,4/10除息2.00元,2025/06/10,2025/02,
3005,62.0,18.5,2.9,6.7,-16.7,18.6,2025/06/26,6/26除息6.00元,2025/05/22,2025/02,
3006,0.0,0.0,0.0,0.0,0.0,0.0,,,,--,
3008,0.0,0.0,0.0,0.0,0.0,0.0,,,,--,
3013,20.5,19.0,6.1,147.6,-8.9,188.5,,,2025/06/13,2025/02,
3014,0.0,0.0,0.0,0.0,0.0,0.0,,,,--,
3015,0.0,0.0,0.0,0.0,0.0,0.0,,,,--,
3016,28.8,5.3,2.3,-14.9,-0.1,61.3,,,2025/06/13,2025/02,
3017,0.0,0.0,0.0,0.0,0.0,0.0,,,,--,
3019,27.9,12.6,3.0,38.1,-12.4,86.5,,,2025/05/29,2025/02,
3024,27.7,6.3,1.6,102.7,77.5,68.6,,,2025/06/20,2025/02,
3025,0.0,0.0,0.0,0.0,0.0,0.0,,,,--,
3027,11.6,0.7,1.9,31.3,-0.3,-84.9,,3/31法說會,2025/05/22,2025/02,
3029,16.7,17.6,4.1,125.8,29.8,40.4,,,2025/05/22,2025/02,
3030,0.0,0.0,0.0,0.0,0.0,0.0,,,,--,
3032,11.3,12.3,3.0,7.9,-24.6,-9.2,,,2025/06/20,2025/02,
3033,47.5,11.6,1.6,63.7,-3.6,45.1,,,2025/06/20,2025/02,
3034,0.0,0.0,0.0,0.0,0.0,0.0,,,,--,
3035,26.1,9.2,4.9,244.6,153.7,-31.4,,,2025/05/23,2025/02,
3036,0.0,0.0,0.0,0.0,0.0,0.0,,,,--,
3037,0.0,0.0,0.0,0.0,0.0,0.0,,,,--,
3042,0.0,0.0,0.0,0.0,0.0,0.0,,,,--,
3043,0.0,0.0,0.0,0.0,0.0,0.0,,,,--,
3044,0.0,0.0,0.0,0.0,0.0,0.0,,,,--,
3045,0.0,0.0,0.0,0.0,0.0,0.0,,,,--,
3047,0.0,0.0,0.0,0.0,0.0,0.0,,,,--,
3048,27.0,-11.8,1.7,43.8,-14.1,-9335.5,,2月營收86.61億元,2025/06/13,2025/02,
3049,0.0,0.0,0.0,0.0,0.0,0.0,,,,--,
3050,0.0,0.0,0.0,0.0,0.0,0.0,,,,--,
3051,16.9,13.4,2.1,54.4,22.7,95.5,,,2025/06/24,2025/02,
3055,0.0,0.0,0.0,0.0,0.0,0.0,,,,--,
3056,0.0,0.0,0.0,0.0,0.0,0.0,,,,--,
3059,30.6,4.3,1.3,25.6,4.3,2.8,,,2025/06/19,2025/02,
3060,0.0,0.0,0.0,0.0,0.0,0.0,,,,--,
3062,33.0,0.1,1.9,14.2,-10.1,100.9,,,2025/05/29,2025/02,
3073,0.0,0.0,0.0,0.0,0.0,0.0,,,,--,
3078,22.7,18.8,2.9,79.9,-16.3,-17.2,,,2025/06/25,2025/02,
3081,9.2,-1.4,8.6,50.9,24.8,74.2,,,2025/05/28,2025/02,
3090,21.3,14.9,2.3,69.6,-14.8,34.0,,,2025/06/11,2025/02,
3092,0.0,0.0,0.0,0.0,0.0,0.0,,,,--,
3105,42.4,0.9,1.3,-11.0,-0.6,160.9,,,2025/05/28,2025/02,
3131,2.9,20.4,6.8,38.0,3.1,37.4,,,2025/06/19,2025/02,
3147,3.9,32.9,5.0,407.6,183.4,61.9,,,2025/05/29,2025/02,
3149,0.0,0.0,0.0,0.0,0.0,0.0,,,,--,
3163,8.0,17.0,6.1,6.5,4.0,6.3,,2月營收1.65億元,2025/05/16,2025/02,
3167,0.0,0.0,0.0,0.0,0.0,0.0,,,,--,
3188,0.0,0.0,0.0,0.0,0.0,0.0,,,,--,
3189,45.7,3.4,1.4,30.2,14.0,13.7,,,2025/05/28,2025/02,
3209,23.4,14.6,1.8,10.6,-39.5,27.1,,,2025/06/17,2025/02,
3211,15.3,28.0,2.8,-14.6,31.7,239.2,,,2025/06/10,2025/02,
3213,0.0,0.0,0.0,0.0,0.0,0.0,,,,--,
3217,0.0,0.0,0.0,0.0,0.0,0.0,,,,--,
3227,14.9,16.7,3.2,40.6,-6.0,124.4,,,2025/05/28,2025/02,
3228,0.0,0.0,0.0,0.0,0.0,0.0,,,,--,
3229,6.4,1.4,1.7,61.8,26.8,134.4,,,2025/05/29,2025/02,
3230,0.0,0.0,0.0,0.0,0.0,0.0,,,,--,
3231,289.4,19.4,2.3,26.7,13.1,67.7,,,2025/05/16,2025/02,
3234,0.0,0.0,0.0,0.0,0.0,0.0,,,,--,
3260,32.6,17.1,1.6,0.1,18.8,90.4,,,2025/05/29,2025/02,
3264,49.0,11.7,1.9,-3.5,-3.2,-23.4,,,2025/05/29,2025/02,
3265,0.0,0.0,0.0,0.0,0.0,0.0,,,,--,
3284,0.0,0.0,0.0,0.0,0.0,0.0,,,,--,
3289,0.0,0.0,0.0,0.0,0.0,0.0,,,,--,
3290,0.0,0.0,0.0,0.0,0.0,0.0,,,,--,
3293,28.2,63.4,14.5,25.2,-0.2,41.0,,3/25法說會,2025/06/19,2025/02,
3294,13.2,3.3,2.0,4.8,-18.0,155.2,2025/04/01,4/1除息0.38元,2025/06/05,2025/02,
3305,0.0,0.0,0.0,0.0,0.0,0.0,,,,--,
3312,16.3,12.2,3.0,71.6,11.8,14.5,,3/31法說會,2025/06/25,2025/02,
3313,0.0,0.0,0.0,0.0,0.0,0.0,,,,--,
3322,0.0,0.0,0.0,0.0,0.0,0.0,,,,--,
3323,9.4,-3.5,1.5,9.0,-6.1,67.0,,,2025/06/19,2025/02,
3324,0.0,0.0,0.0,0.0,0.0,0.0,,,,--,
3338,0.0,0.0,0.0,0.0,0.0,0.0,,,,--,
3339,0.0,0.0,0.0,0.0,0.0,0.0,,,,--,
3362,0.0,0.0,0.0,0.0,0.0,0.0,,,,--,
3363,10.4,-2.1,11.7,39.9,-34.6,-500.3,,,2025/05/23,2025/02,
3374,0.0,0.0,0.0,0.0,0.0,0.0,,,,--,
3376,19.6,8.1,2.8,9.5,-18.0,68.4,,,2025/06/10,2025/02,
3379,3.8,6.8,4.0,270.2,-8.3,1010.0,,,2025/06/19,2025/02,
3380,0.0,0.0,0.0,0.0,0.0,0.0,,,,--,
3406,0.0,0.0,0.0,0.0,0.0,0.0,,,,--,
3413,0.0,0.0,0.0,0.0,0.0,0.0,,,,--,
3430,0.0,0.0,0.0,0.0,0.0,0.0,,,,--,
3437,0.0,0.0,0.0,0.0,0.0,0.0,,,,--,
3443,13.4,32.9,14.3,18.9,2.6,-1.6,,,2025/05/15,2025/02,
3450,14.6,16.6,9.3,148.8,16.7,713.9,,,2025/05/28,2025/02,
3455,0.0,0.0,0.0,0.0,0.0,0.0,,,,--,
3466,0.0,0.0,0.0,0.0,0.0,0.0,,,,--,
3479,0.0,0.0,0.0,0.0,0.0,0.0,,,,--,
3481,798.9,2.9,0.6,33.4,-0.8,136.2,,,2025/05/07,2025/02,
3483,0.0,0.0,0.0,0.0,0.0,0.0,,,,--,
3484,0.0,0.0,0.0,0.0,0.0,0.0,,,,--,
3489,0.0,0.0,0.0,0.0,0.0,0.0,,,,--,
3491,6.5,15.6,10.8,103.4,18.0,130.6,,,2025/06/10,2025/02,
3498,6.2,-6.7,1.3,55.6,-52.6,-3.3,,,2025/06/13,2025/02,
3515,0.0,0.0,0.0,0.0,0.0,0.0,,,,--,
3518,0.0,0.0,0.0,0.0,0.0,0.0,,,,--,
3522,0.0,0.0,0.0,0.0,0.0,0.0,,,,--,
3530,0.0,0.0,0.0,0.0,0.0,0.0,,,,--,
3533,0.0,0.0,0.0,0.0,0.0,0.0,,,,--,
3535,0.0,0.0,0.0,0.0,0.0,0.0,,,,--,
3545,0.0,0.0,0.0,0.0,0.0,0.0,,,,--,
3548,6.6,10.4,1.9,19.0,4.5,7.8,,,2025/06/19,2025/02,
3576,0.0,0.0,0.0,0.0,0.0,0.0,,,,--,
3580,4.0,20.3,2.8,37.0,0.6,93.9,,,2025/05/27,2025/02,
3581,0.0,0.0,0.0,0.0,0.0,0.0,,,,--,
3583,8.0,20.7,5.1,24.7,4.8,42.6,2025/06/30,6/30除息4.50元,2025/05/23,2025/02,
3594,9.6,6.5,2.2,50.4,4.5,22.3,,,2025/06/26,2025/02,
3597,0.0,0.0,0.0,0.0,0.0,0.0,,,,--,
3607,0.0,0.0,0.0,0.0,0.0,0.0,,,,--,
3615,0.0,0.0,0.0,0.0,0.0,0.0,,,,--,
3617,0.0,0.0,0.0,0.0,0.0,0.0,,,,--,
3622,0.0,0.0,0.0,0.0,0.0,0.0,,,,--,
3623,0.0,0.0,0.0,0.0,0.0,0.0,,,,--,
3624,0.0,0.0,0.0,0.0,0.0,0.0,,,,--,
3631,0.0,0.0,0.0,0.0,0.0,0.0,,,,--,
3645,0.0,0.0,0.0,0.0,0.0,0.0,,,,--,
3652,0.0,0.0,0.0,0.0,0.0,0.0,,,,--,
3653,0.0,0.0,0.0,0.0,0.0,0.0,,,,--,
3661,8.1,22.4,5.8,11.2,10.6,94.1,,,2025/05/29,2025/02,
3663,10.8,3.6,3.6,114.4,11.4,-15.3,,,2025/06/19,2025/02,
3665,19.0,14.4,3.1,30.4,-10.0,90.0,,,2025/05/29,2025/02,
3673,0.0,0.0,0.0,0.0,0.0,0.0,,,,--,
3675,0.0,0.0,0.0,0.0,0.0,0.0,,,,--,
3680,9.6,12.5,4.1,4.6,17.2,24.8,2025/06/17,6/17除息5.10元,2025/05/23,2025/02,
3685,0.0,0.0,0.0,0.0,0.0,0.0,,,,--,
3686,7.6,-0.6,1.9,-10.6,-3.2,85.2,,,2025/06/18,2025/02,
3689,0.0,0.0,0.0,0.0,0.0,0.0,,,,--,
3701,0.0,0.0,0.0,0.0,0.0,0.0,,,,--,
3702,167.9,8.8,1.3,52.0,10.6,-9.5,,,2025/05/28,2025/02,
3703,0.0,0.0,0.0,0.0,0.0,0.0,,,,--,
3704,0.0,0.0,0.0,0.0,0.0,0.0,,,,--,
3706,120.7,6.5,1.2,124.3,-1.4,122.3,,,2025/05/23,2025/02,
3708,0.0,0.0,0.0,0.0,0.0,0.0,,,,--,
3710,0.0,0.0,0.0,0.0,0.0,0.0,,,,--,
3711,441.8,10.2,2.2,13.1,-9.1,1.1,,,,2025/02,
3712,24.6,7.7,1.2,157.2,-30.6,58.7,,,2025/05/28,2025/02,
3714,0.0,0.0,0.0,0.0,0.0,0.0,,,,--,
3715,0.0,0.0,0.0,0.0,0.0,0.0,,,,--,
4109,0.0,0.0,0.0,0.0,0.0,0.0,,,,--,
4113,0.0,0.0,0.0,0.0,0.0,0.0,,,,--,
4123,0.0,0.0,0.0,0.0,0.0,0.0,,,,--,
4127,0.0,0.0,0.0,0.0,0.0,0.0,,,,--,
4128,0.0,0.0,0.0,0.0,0.0,0.0,,,,--,
4142,0.0,0.0,0.0,0.0,0.0,0.0,,,,--,
4157,0.0,0.0,0.0,0.0,0.0,0.0,,,,--,
4160,0.0,0.0,0.0,0.0,0.0,0.0,,,,--,
4167,0.0,0.0,0.0,0.0,0.0,0.0,,,,--,
4174,0.0,0.0,0.0,0.0,0.0,0.0,,,,--,
4303,7.9,52.1,3.7,946.3,32.3,559.5,,2月營收0.85億元,2025/05/23,2025/02,
4306,0.0,0.0,0.0,0.0,0.0,0.0,,,,--,
4402,0.0,0.0,0.0,0.0,0.0,0.0,,,,--,
4414,0.0,0.0,0.0,0.0,0.0,0.0,,,,--,
4420,0.0,0.0,0.0,0.0,0.0,0.0,,,,--,
4510,10.8,5.9,2.9,-2.8,-0.8,7.8,,,2025/06/11,2025/02,
4513,0.0,0.0,0.0,0.0,0.0,0.0,,,,--,
4532,0.0,0.0,0.0,0.0,0.0,0.0,,,,--,
4533,0.0,0.0,0.0,0.0,0.0,0.0,,,,--,
4534,8.7,2.9,3.3,38.8,-26.5,115.1,,,2025/06/19,2025/02,
4540,11.2,-14.9,1.7,-19.8,-11.9,-369.7,,,2025/06/26,2025/02,
4542,0.0,0.0,0.0,0.0,0.0,0.0,,,,--,
4543,0.0,0.0,0.0,0.0,0.0,0.0,,,,--,
4545,0.0,0.0,0.0,0.0,0.0,0.0,,,,--,
4549,0.0,0.0,0.0,0.0,0.0,0.0,,,,--,
4551,0.0,0.0,0.0,0.0,0.0,0.0,,,,--,
4555,0.0,0.0,0.0,0.0,0.0,0.0,,,,--,
4561,0.0,0.0,0.0,0.0,0.0,0.0,,,,--,
4562,8.8,-4.3,4.7,44.0,-19.5,46.9,,,2025/05/28,2025/02,
4563,0.0,0.0,0.0,0.0,0.0,0.0,,,,--,
4564,0.0,0.0,0.0,0.0,0.0,0.0,,,,--,
4566,0.0,0.0,0.0,0.0,0.0,0.0,,,,--,
4571,0.0,0.0,0.0,0.0,0.0,0.0,,,,--,
4576,12.0,2.2,4.2,64.6,27.4,131.5,,,2025/05/27,2025/02,
4583,8.0,11.3,6.2,18.0,14.8,29.9,,,2025/05/23,2025/02,
4707,0.0,0.0,0.0,0.0,0.0,0.0,,,,--,
4711,0.0,0.0,0.0,0.0,0.0,0.0,,,,--,
4714,0.0,0.0,0.0,0.0,0.0,0.0,,,,--,
4716,0.0,0.0,0.0,0.0,0.0,0.0,,,,--,
4720,0.0,0.0,0.0,0.0,0.0,0.0,,,,--,
4726,0.0,0.0,0.0,0.0,0.0,0.0,,,,--,
4729,0.0,0.0,0.0,0.0,0.0,0.0,,,,--,
4743,0.0,0.0,0.0,0.0,0.0,0.0,,,,--,
4763,0.0,0.0,0.0,0.0,0.0,0.0,,,,--,
4768,0.0,0.0,0.0,0.0,0.0,0.0,,,,--,
4772,14.8,15.5,10.7,15.0,10.1,147.7,,,2025/05/19,2025/02,
4903,10.5,0.4,3.2,74.5,18.3,-84.0,,,2025/05/05,2025/02,
4904,0.0,0.0,0.0,0.0,0.0,0.0,,,,--,
4906,0.0,0.0,0.0,0.0,0.0,0.0,,,,--,
4907,0.0,0.0,0.0,0.0,0.0,0.0,,,,--,
4909,0.0,0.0,0.0,0.0,0.0,0.0,,,,--,
4915,0.0,0.0,0.0,0.0,0.0,0.0,,,,--,
4916,0.0,0.0,0.0,0.0,0.0,0.0,,,,--,
4919,0.0,0.0,0.0,0.0,0.0,0.0,,,,--,
4927,0.0,0.0,0.0,0.0,0.0,0.0,,,,--,
4931,6.6,14.4,5.0,96.2,20.1,51.6,,,2025/06/19,2025/02,
4933,0.0,0.0,0.0,0.0,0.0,0.0,,,,--,
4935,0.0,0.0,0.0,0.0,0.0,0.0,,,,--,
4938,266.3,8.3,1.2,24.4,-21.7,10.0,,,2025/06/06,2025/02,
4939,9.8,1.2,1.3,32.3,-2.0,-47.5,,,2025/05/22,2025/02,
4956,0.0,0.0,0.0,0.0,0.0,0.0,,,,--,
4958,0.0,0.0,0.0,0.0,0.0,0.0,,,,--,
4960,0.0,0.0,0.0,0.0,0.0,0.0,,,,--,
4961,0.0,0.0,0.0,0.0,0.0,0.0,,,,--,
4966,0.0,0.0,0.0,0.0,0.0,0.0,,,,--,
4967,0.0,0.0,0.0,0.0,0.0,0.0,,,,--,
4968,0.0,0.0,0.0,0.0,0.0,0.0,,,,--,
4974,7.2,16.5,2.3,32.5,-37.9,29.2,,,2025/05/28,2025/02,
4976,0.0,0.0,0.0,0.0,0.0,0.0,,,,--,
4977,8.0,2.5,2.4,153.3,84.7,-73.0,,,2025/06/16,2025/02,
4979,14.1,16.6,8.1,105.5,12.6,20.5,,,2025/06/24,2025/02,
4991,11.3,-7.9,4.7,42.9,69.2,70.1,,,2025/06/05,2025/02,
5009,0.0,0.0,0.0,0.0,0.0,0.0,,,,--,
5213,0.0,0.0,0.0,0.0,0.0,0.0,,,,--,
5225,0.0,0.0,0.0,0.0,0.0,0.0,,,,--,
5234,0.0,0.0,0.0,0.0,0.0,0.0,,,,--,
5244,6.8,9.5,1.8,10.6,-15.6,2.6,,3/25法說會,2025/05/28,2025/02,
5258,0.0,0.0,0.0,0.0,0.0,0.0,,,,--,
5263,0.0,0.0,0.0,0.0,0.0,0.0,,,,--,
5309,19.2,3.3,2.6,1.2,11.3,-59.3,,,2025/05/07,2025/02,
5328,0.0,0.0,0.0,0.0,0.0,0.0,,,,--,
5347,0.0,0.0,0.0,0.0,0.0,0.0,,,,--,
5351,0.0,0.0,0.0,0.0,0.0,0.0,,,,--,
5371,0.0,0.0,0.0,0.0,0.0,0.0,,,,--,
5381,0.0,0.0,0.0,0.0,0.0,0.0,,,,--,
5386,0.0,0.0,0.0,0.0,0.0,0.0,,,,--,
5388,0.0,0.0,0.0,0.0,0.0,0.0,,,,--,
5392,16.9,0.9,1.1,12.6,7.8,-34.8,,,2025/06/20,2025/02,
5425,0.0,0.0,0.0,0.0,0.0,0.0,,,,--,
5426,0.0,0.0,0.0,0.0,0.0,0.0,,,,--,
5439,9.3,13.2,7.3,67.3,43.6,-30.7,,自結2月合併獲利6600萬元,2025/06/19,2025/02,
5443,16.5,8.4,2.0,34.5,5.2,95.1,,,2025/06/03,2025/02,
5452,0.0,0.0,0.0,0.0,0.0,0.0,,,,--,
5460,0.0,0.0,0.0,0.0,0.0,0.0,,,,--,
5469,0.0,0.0,0.0,0.0,0.0,0.0,,,,--,
5474,4.0,15.1,3.6,13.9,-4.8,41.1,,,2025/06/11,2025/02,
5475,0.0,0.0,0.0,0.0,0.0,0.0,,,,--,
5481,0.0,0.0,0.0,0.0,0.0,0.0,,,,--,
5483,64.1,11.8,1.6,3.3,11.4,-34.7,2025/07/23,7/23除息3.50元,2025/05/27,2025/02,
5484,6.7,-10.6,6.3,48.7,45.1,-22.1,,2月營收0.31億元,2025/06/20,2025/02,
5498,0.0,0.0,0.0,0.0,0.0,0.0,,,,--,
5508,0.0,0.0,0.0,0.0,0.0,0.0,,,,--,
5519,0.0,0.0,0.0,0.0,0.0,0.0,,,,--,
5522,0.0,0.0,0.0,0.0,0.0,0.0,,,,--,
5525,0.0,0.0,0.0,0.0,0.0,0.0,,,,--,
5531,0.0,0.0,0.0,0.0,0.0,0.0,,,,--,
5534,0.0,0.0,0.0,0.0,0.0,0.0,,,,--,
5608,38.9,-4.0,0.8,-8.6,-20.5,29.2,,,2025/06/25,2025/02,
5871,0.0,0.0,0.0,0.0,0.0,0.0,,,,--,
5876,0.0,0.0,0.0,0.0,0.0,0.0,,,,--,
5880,0.0,0.0,0.0,0.0,0.0,0.0,,,,--,
5905,0.0,0.0,0.0,0.0,0.0,0.0,,,,--,
6016,0.0,0.0,0.0,0.0,0.0,0.0,,,,--,
6104,9.1,15.9,7.4,85.9,-2.7,216.6,2025/04/10,4/10除息3.00元,2025/06/11,2025/02,
6111,0.0,0.0,0.0,0.0,0.0,0.0,,,,--,
6112,18.8,-0.3,2.9,-5.0,-4.0,-102.4,,,2025/05/27,2025/02,
6114,0.0,0.0,0.0,0.0,0.0,0.0,,,,--,
6116,0.0,0.0,0.0,0.0,0.0,0.0,,,,--,
6140,5.0,8.9,4.0,168.8,12.1,891.3,,2月營收1.77億元,2025/06/19,2025/02,
6148,4.7,12.0,4.6,555.2,126.5,-5.4,2025/04/01,4/1除息1.38元,2025/06/24,2025/02,
6180,0.0,0.0,0.0,0.0,0.0,0.0,,,,--,
6187,9.8,29.1,4.5,64.6,15.0,848.4,,,2025/06/20,2025/02,
6188,27.8,6.9,2.9,15.4,7.5,-39.9,2025/03/27,3/27除息2.00元,2025/05/29,2025/02,
6189,0.0,0.0,0.0,0.0,0.0,0.0,,,,--,
6190,16.4,11.8,2.1,39.9,-2.9,44.0,,,2025/06/04,2025/02,
6191,47.4,13.0,1.4,8.6,-4.1,-10.4,,,,2025/02,
6197,0.0,0.0,0.0,0.0,0.0,0.0,,,,--,
6207,0.0,0.0,0.0,0.0,0.0,0.0,,,,--,
6209,17.4,-4.4,1.8,79.3,-13.4,-161.5,,3/24申報轉讓92.00張,2025/06/17,2025/02,
6213,0.0,0.0,0.0,0.0,0.0,0.0,,,,--,
6214,27.2,12.3,2.1,18.5,-3.0,28.7,,,2025/05/28,2025/02,
6215,8.3,11.5,5.1,76.2,-4.2,120.1,,,2025/06/04,2025/02,
6218,0.0,0.0,0.0,0.0,0.0,0.0,,,,--,
6219,0.0,0.0,0.0,0.0,0.0,0.0,,,,--,
6223,0.0,0.0,0.0,0.0,0.0,0.0,,,,--,
6224,0.0,0.0,0.0,0.0,0.0,0.0,,,,--,
6231,0.0,0.0,0.0,0.0,0.0,0.0,,,,--,
6235,0.0,0.0,0.0,0.0,0.0,0.0,,,,--,
6239,0.0,0.0,0.0,0.0,0.0,0.0,,,,--,
6244,0.0,0.0,0.0,0.0,0.0,0.0,,,,--,
6257,48.4,14.8,1.9,12.7,-7.8,48.3,,,2025/05/29,2025/02,
6264,0.0,0.0,0.0,0.0,0.0,0.0,,,,--,
6269,0.0,0.0,0.0,0.0,0.0,0.0,,,,--,
6271,0.0,0.0,0.0,0.0,0.0,0.0,,,,--,
6274,0.0,0.0,0.0,0.0,0.0,0.0,,,,--,
6278,0.0,0.0,0.0,0.0,0.0,0.0,,,,--,
6282,0.0,0.0,0.0,0.0,0.0,0.0,,,,--,
6284,0.0,0.0,0.0,0.0,0.0,0.0,,,,--,
6285,0.0,0.0,0.0,0.0,0.0,0.0,,,,--,
6288,0.0,0.0,0.0,0.0,0.0,0.0,,,,--,
6290,0.0,0.0,0.0,0.0,0.0,0.0,,,,--,
6405,0.0,0.0,0.0,0.0,0.0,0.0,,,,--,
6411,0.0,0.0,0.0,0.0,0.0,0.0,,,,--,
6412,0.0,0.0,0.0,0.0,0.0,0.0,,,,--,
6415,0.0,0.0,0.0,0.0,0.0,0.0,,,,--,
6425,4.9,3.2,2.2,-40.5,-15.2,150.0,,,2025/05/16,2025/02,
6438,8.2,12.5,3.4,26.2,-7.8,-13.8,,,2025/06/04,2025/02,
6442,7.6,36.7,10.1,104.4,-49.5,528.1,,,2025/05/28,2025/02,
6443,0.0,0.0,0.0,0.0,0.0,0.0,,,,--,
6446,0.0,0.0,0.0,0.0,0.0,0.0,,,,--,
6449,0.0,0.0,0.0,0.0,0.0,0.0,,,,--,
6451,0.0,0.0,0.0,0.0,0.0,0.0,,,,--,
6462,0.0,0.0,0.0,0.0,0.0,0.0,,,,--,
6477,0.0,0.0,0.0,0.0,0.0,0.0,,,,--,
6488,47.8,12.5,2.0,5.9,10.2,-50.2,2025/07/16,7/16除息6.00元,2025/05/26,2025/02,
6505,0.0,0.0,0.0,0.0,0.0,0.0,,,,--,
6530,3.4,11.9,4.3,34.2,3.7,31.2,,,2025/06/03,2025/02,
6531,0.0,0.0,0.0,0.0,0.0,0.0,,,,--,
6548,0.0,0.0,0.0,0.0,0.0,0.0,,,,--,
6550,0.0,0.0,0.0,0.0,0.0,0.0,,,,--,
6558,9.4,0.6,3.5,11.7,-35.5,121.4,,3/26法說會,2025/05/27,2025/02,
6592,0.0,0.0,0.0,0.0,0.0,0.0,,,,--,
6605,0.0,0.0,0.0,0.0,0.0,0.0,,,,--,
6640,0.0,0.0,0.0,0.0,0.0,0.0,,,,--,
6658,3.6,4.2,2.2,206.6,50.9,55.2,,,2025/05/07,2025/02,
6791,2.1,18.6,6.5,15.4,13.7,7.7,,,2025/06/20,2025/02,
8028,17.3,12.2,5.8,45.6,-4.4,57.7,,,2025/05/26,2025/02,
8033,15.3,5.4,8.0,49.4,56.5,422.8,,,2025/06/17,2025/02,
8038,0.0,0.0,0.0,0.0,0.0,0.0,,,,--,
8042,0.0,0.0,0.0,0.0,0.0,0.0,,,,--,
8069,0.0,0.0,0.0,0.0,0.0,0.0,,,,--,
8222,6.9,11.7,3.6,11.6,-23.3,68.4,,,2025/06/16,2025/02,
8234,14.1,1.5,3.8,41.4,-29.8,-74.9,,,2025/06/25,2025/02,
8374,0.0,0.0,0.0,0.0,0.0,0.0,,,,--,
8455,0.0,0.0,0.0,0.0,0.0,0.0,,,,--,
