stockId,sortLabel,sortCode,nearBy,nearByAvg
0050,Tcde,2,ab,192.8
0051,T,42,abcde,80.62
0052,Tcde,2,ab,190.28
0053,Tcde,2,ab,103.5
0055,Tde,2,abc,29.18
0056,Tba,119,cde,38.47
0057,Tcde,2,ab,141.85
0061,bacde,2,,
006201,Tde,32,abc,24.13
006203,Tcde,2,ab,90.9
006204,Tcde,2,ab,115.18
006205,Tcde,2,ab,33.38
006206,Tcde,2,ab,31.73
006207,Tcde,2,ab,25.29
006208,Tcde,2,ab,113.0
00631L,Tcde,2,ab,242.41
00632R,edcT,115,ab,3.29
00633L,bacde,2,,
00634R,edcT,115,ab,4.03
00635U,Tcde,1,ab,31.6
00636,Tcde,2,ab,23.28
00636K,Tcde,2,ab,7.25
00637L,bacde,2,,
00638R,edcT,115,ab,8.43
00639,Tcde,2,ab,12.23
00640L,Tcba,120,de,52.12
00641R,eTab,115,cd,6.34
00642U,edcT,120,ab,16.36
00643,Tcde,1,ab,13.34
00645,T,34,abcde,36.71
00646,Tcde,2,ab,58.07
00647L,Tcde,2,ab,95.94
00648R,edcT,115,ab,5.26
00650L,Tcde,2,ab,12.9
00651R,edcT,120,ab,7.3
00652,Tbea,78,cd,39.59
00653L,cdTa,78,be,63.1
00654R,Tc,10,abde,6.4
00655L,bacde,2,,
00656R,edcT,115,ab,7.49
00657,T,2,abcde,44.98
00657K,T,2,abcde,14.05
00660,T,43,abcde,35.58
00661,T,2,abcde,49.04
00662,Tcde,1,ab,83.57
00663L,Tcde,2,ab,221.6
00664R,edcT,115,ab,3.72
00665L,Tcde,2,ab,8.68
00666R,edcT,120,ab,12.05
00668,Tde,2,abc,49.13
00668K,Tde,2,abc,15.31
00669R,edT,115,abc,6.69
00670L,Tcde,1,ab,126.77
00671R,edcT,120,ab,3.66
00673R,T,6,abcde,7.52
00674R,edcba,120,,
00675L,Tcde,2,ab,96.91
00676R,edcT,115,ab,2.07
00678,T,73,abcde,29.83
00679B,Tba,89,cde,30.29
00680L,Tba,89,cde,8.98
00681R,abT,26,cde,19.83
00682U,T,26,abcde,20.96
00683L,abT,26,cde,22.23
00684R,Tba,120,cde,15.54
00685L,Tcde,2,ab,86.46
00686R,edcT,115,ab,2.25
00687B,Tba,89,cde,31.56
00688L,Tba,89,cde,8.93
00690,Tcde,2,ab,35.19
00692,Tcde,2,ab,45.12
00693U,edcT,120,ab,20.06
00694B,T,78,abcde,41.54
00695B,T,88,abcde,35.83
00696B,Tba,89,cde,32.45
00697B,T,88,abcde,36.38
00700,Tcde,2,ab,15.16
00701,Tde,2,abc,29.14
00702,Tcde,2,ab,25.53
00703,Tcde,2,ab,17.62
00706L,Tba,120,cde,6.58
00708L,abcde,1,,
00709,T,73,abcde,29.86
00710B,T,43,abcde,19.53
00711B,T,88,abcde,16.62
00712,Tba,89,cde,9.8
00713,T,73,abcde,56.9
00714,Tde,2,abc,21.94
00715L,edcba,120,,
00717,Te,32,abcd,16.31
00718B,T,78,abcde,20.76
00719B,T,89,abcde,31.63
00720B,Ta,88,bcde,35.88
00722B,Ta,88,bcde,39.42
00723B,Tba,88,cde,34.63
00724B,Teba,88,cd,35.98
00725B,Tba,88,cde,38.19
00726B,T,88,abcde,34.52
00727B,T,78,abcde,40.25
00728,Tde,2,abc,32.62
00730,T,78,abcde,22.6
00731,T,119,abcde,73.62
00733,edcT,120,ab,54.02
00734B,T,88,abcde,15.9
00735,T,119,abcde,33.59
00736,Tde,2,abc,23.98
00737,baT,2,cde,30.38
00738U,Tcde,1,ab,29.81
00739,Tcde,2,ab,22.81
00740B,T,88,abcde,40.91
00741B,T,73,abcde,38.91
00746B,T,88,abcde,37.47
00749B,Tba,88,cde,32.77
00750B,Ta,88,bcde,36.05
00751B,Tba,88,cde,35.2
00752,Tcde,2,ab,21.53
00753L,bacde,2,,
00754B,T,88,abcde,37.24
00755B,T,78,abcde,35.35
00756B,T,88,abcde,33.44
00757,Tcde,1,ab,90.97
00758B,T,88,abcde,54.1
00759B,T,88,abcde,58.29
00760B,T,73,abcde,56.04
00761B,T,88,abcde,37.49
00762,Tcde,1,ab,64.26
00763U,T,2,abcde,26.39
00764B,Tba,89,cde,31.69
00768B,Teba,88,cd,56.88
00770,Tcde,1,ab,48.13
00771,Te,2,abcd,18.09
00772B,T,88,abcde,36.16
00773B,T,88,abcde,37.81
00775B,Ta,88,bcde,34.97
00777B,T,88,abcde,35.72
00778B,T,88,abcde,37.33
00779B,Tba,89,cde,31.85
00780B,T,73,abcde,38.11
00781B,Tba,89,cde,33.04
00782B,T,88,abcde,33.37
00783,abcT,1,de,18.04
00784B,T,78,abcde,38.59
00785B,T,78,abcde,36.74
00786B,T,88,abcde,34.83
00787B,Tba,88,cde,35.25
00788B,T,88,abcde,32.33
00789B,Tba,88,cde,53.5
00790B,T,78,abcde,56.61
00791B,T,78,abcde,56.64
00792B,T,88,abcde,34.47
00793B,T,88,abcde,33.45
00794B,T,33,abcde,41.76
00795B,Tba,89,cde,30.76
00799B,T,88,abcde,33.34
00830,Te,2,abcd,46.43
00834B,Tbea,78,cd,36.13
00836B,Tba,88,cde,31.55
00840B,T,88,abcde,32.66
00841B,T,88,abcde,32.33
00842B,Ta,88,bcde,34.05
00844B,T,78,abcde,33.92
00845B,T,73,abcde,33.91
00846B,T,43,abcde,36.58
00847B,T,88,abcde,28.21
00848B,T,88,abcde,35.79
00849B,T,78,abcde,37.43
00850,Tcde,2,ab,46.09
00851,Tcde,1,ab,47.19
00852L,bacde,2,,
00853B,T,88,abcde,29.82
00856B,T,89,abcde,38.62
00857B,Tba,89,cde,26.24
00858,baTe,2,cd,31.88
00859B,T,74,abcde,42.16
00860B,T,73,abcde,38.91
00861,Te,2,abcd,42.12
00862B,T,88,abcde,33.68
00863B,T,88,abcde,34.52
00864B,T,2,abcde,45.86
00865B,T,1,abcde,45.57
00867B,T,88,abcde,33.83
00870B,Ta,88,bcde,30.25
00875,Tcde,2,ab,33.96
00876,T,89,abcde,37.77
00877,Tcde,1,ab,13.01
00878,T,2,abcde,22.84
00881,Tcde,1,ab,24.51
00882,Tcde,2,ab,13.01
00883B,T,88,abcde,32.91
00884B,Tba,88,cde,31.59
00885,Ta,120,bcde,11.94
00886,Tcde,1,ab,34.15
00887,Tba,88,cde,10.82
00888,Te,32,abcd,16.93
00890B,T,88,abcde,34.9
00891,Te,2,abcd,18.32
00892,Tcde,2,ab,17.6
00893,Tcde,1,ab,23.44
00894,Tcde,2,ab,21.22
00895,Tcde,1,ab,29.63
00896,Te,2,abcd,17.81
00897,T,73,abcde,8.19
00898,T,78,abcde,7.35
00899,edcba,120,,
00900,Tcba,119,de,15.23
00901,Tcde,2,ab,21.41
00902,abcT,1,de,9.6
00903,abTe,1,cd,14.03
00904,Te,2,abcd,18.03
00905,Tde,2,abc,13.76
00907,T,78,abcde,15.85
00908,Tdae,43,bc,13.43
00909,abcde,1,,
00910,Tcde,2,ab,23.55
00911,T,119,abcde,26.56
00912,Te,32,abcd,19.14
00913,Tae,43,bcd,20.95
00915,Te,43,abcd,26.7
00916,Tcde,1,ab,23.3
00917,Tcde,1,ab,22.08
00918,T,74,abcde,24.09
00919,Tcba,120,de,24.19
00920,Tba,89,cde,14.69
00921,T,120,abcde,18.43
00922,Tde,32,abc,21.6
00923,Te,2,abcd,21.47
00924,Tcde,1,ab,23.47
00925,T,2,abcde,16.4
00926,Tcde,2,ab,22.96
00927,Tba,119,cde,18.96
00928,Ta,119,bcde,16.98
00929,Tcba,120,de,19.39
00930,Tcba,120,de,19.43
00931B,Tba,89,cde,15.12
00932,T,120,abcde,16.89
00933B,T,88,abcde,17.06
00934,T,79,abcde,19.17
00935,Tcde,2,ab,22.14
00936,Tcba,120,de,16.83
00937B,T,88,abcde,16.03
00938,T,120,abcde,14.87
00939,T,110,abcde,14.56
00940,T,120,abcde,9.64
00941,edcba,120,,
00942B,Ta,88,bcde,15.69
00943,T,27,abcde,14.97
00944,T,119,abcde,14.93
00945B,T,88,abcde,15.12
00946,Tcba,120,de,9.91
00947,edT,110,abc,14.11
00948B,T,88,abcde,10.13
00949,Tba,119,cde,15.08
00950B,T,88,abcde,15.2
00951,edcT,120,ab,8.47
00952,T,2,abcde,9.82
00953B,T,1,abcde,10.07
00954,edcT,120,ab,8.93
00955,Tba,120,cde,9.88
00956,Tba,120,cde,9.85
00957B,Tba,120,cde,14.91
00958B,Tba,120,cde,9.88
00959B,Tba,120,cde,10.05
00960,Tba,120,cde,15.12
00961,T,120,abcde,9.96
01001T,Tcba,120,de,14.09
01002T,Tcba,120,de,16.52
01004T,edcT,120,ab,12.0
01007T,Tba,120,cde,16.35
01009T,edcT,120,ab,7.23
01010T,T,120,abcde,10.01
020000,Tcde,2,ab,12.44
020016,Tcde,1,ab,29.75
020018,Tde,1,abc,24.77
02001B,T,43,abcde,8.33
02001L,Tcde,2,ab,28.33
02001R,edcT,120,ab,1.38
020020,Tcde,1,ab,12.13
020023,Ta,79,bcde,6.2
020025,Tba,119,cde,10.2
020027,Te,42,abcd,6.09
020028,Tcde,1,ab,9.48
020029,Tcde,1,ab,9.11
020030,Tcde,2,ab,6.35
020031,Tcba,120,de,5.79
020032,Ta,89,bcde,6.08
020033,Tcde,2,ab,3.84
020034,T,17,abcde,7.74
020035,Tba,119,cde,7.47
020036,Tcde,1,ab,6.77
020037,Tcde,2,ab,6.97
020038,Tcde,2,ab,7.84
020039,Tcde,2,ab,7.03
020040,T,43,abcde,5.35
1101,Tba,120,cde,32.8
1101B,T,120,abcde,46.95
1102,Tcde,2,ab,46.59
1103,T,120,abcde,17.79
1104,Tcab,115,de,31.26
1108,edcT,115,ab,14.7
1109,T,95,abcde,18.54
1110,Te,43,abcd,21.89
1201,T,120,abcde,18.15
1203,Tcba,120,de,50.32
1210,edcT,120,ab,51.3
1213,Tcde,2,ab,12.19
1215,Tcba,120,de,99.69
1216,Tcde,1,ab,89.03
1217,Tba,119,cde,12.15
1218,edcT,120,ab,20.15
1219,edT,120,abc,17.23
1220,Te,33,abcd,16.15
1225,Teba,88,cd,122.06
1227,Tcba,120,de,38.92
1229,edcT,120,ab,60.39
1231,Tcde,1,ab,112.85
1232,abcT,1,de,147.61
1233,T,120,abcde,32.7
1234,T,119,abcde,41.79
1235,abcde,1,,
1236,Tba,120,cde,23.84
1240,T,89,abcde,52.3
1256,edcba,120,,
1259,edcT,120,ab,67.18
1264,T,88,abcde,310.52
1268,Tcab,115,de,156.94
1294,edcba,120,,
1301,edcT,120,ab,47.55
1303,edcT,120,ab,41.93
1304,edcT,120,ab,14.36
1305,edcT,120,ab,16.16
1307,abcde,1,,
1308,edcT,120,ab,16.73
1309,Tde,32,abc,18.62
1310,edcT,120,ab,12.27
1312,edcba,120,,
1312A,edT,120,abc,23.45
1313,edcba,120,,
1314,edcba,120,,
1315,T,120,abcde,70.89
1316,Tcba,120,de,17.68
1319,abT,1,cde,103.63
1321,Tcba,120,de,37.13
1323,edcba,120,,
1324,edcT,120,ab,12.94
1325,edT,100,abc,27.99
1326,edcba,120,,
1336,Tde,32,abc,24.4
1337,T,120,abcde,7.2
1338,edcba,120,,
1339,edcT,120,ab,58.58
1340,T,40,abcde,10.29
1341,T,2,abcde,67.62
1342,edT,120,abc,97.51
1402,Tcde,1,ab,37.27
1409,Tcba,120,de,16.14
1410,T,115,abcde,37.07
1413,T,89,abcde,9.79
1414,Tde,1,abc,22.69
1416,abcde,1,,
1417,edcT,120,ab,10.14
1418,Teba,89,cd,32.97
1419,Tba,89,cde,47.45
1423,cdTa,78,be,40.24
1432,abT,1,cde,18.41
1434,edcT,120,ab,19.81
1436,dTab,84,ce,141.63
1437,Tba,89,cde,34.98
1438,Teba,88,cd,67.16
1439,cTe,33,abd,30.87
1440,Tcba,120,de,16.23
1441,Te,33,abcd,15.72
1442,Tde,2,abc,65.35
1443,abcde,1,,
1444,edcT,120,ab,9.12
1445,edT,100,abc,18.7
1446,dTba,119,ce,45.58
1447,Tcba,120,de,8.77
1449,abT,21,cde,18.89
1451,T,73,abcde,19.96
1452,T,119,abcde,16.76
1453,edcba,120,,
1454,Teba,88,cd,17.86
1455,edcT,120,ab,10.4
1456,Tacb,100,de,19.42
1457,Tcba,120,de,20.32
1459,Tba,120,cde,10.22
1460,edcT,120,ab,7.14
1463,Tde,1,abc,23.84
1464,abcde,1,,
1465,T,32,abcde,15.19
1466,baT,2,cde,12.72
1467,eT,110,abcd,10.7
1468,T,1,abcde,14.36
1470,Teba,88,cd,21.2
1471,edcT,120,ab,12.92
1472,edT,115,abc,60.08
1473,T,44,abcde,37.54
1474,baT,2,cde,13.17
1475,Te,73,abcd,61.04
1476,T,47,abcde,537.83
1477,edcba,120,,
1503,Tcba,119,de,225.63
1504,T,95,abcde,49.45
1506,edcba,120,,
1512,edT,115,abc,7.5
1513,dTba,119,ce,168.34
1514,dTba,89,ce,121.76
1515,edcT,120,ab,34.69
1516,Tcab,114,de,20.14
1517,Tcba,120,de,15.93
1519,Tcba,119,de,658.06
1521,Tba,120,cde,38.31
1522,Teba,89,cd,62.72
1522A,T,1,abcde,45.83
1524,bacT,2,de,33.61
1525,eT,110,abcd,69.65
1526,edcT,120,ab,27.79
1527,Tbea,78,cd,44.92
1528,abcde,1,,
1529,edcba,120,,
1530,T,2,abcde,32.88
1531,abT,1,cde,14.34
1532,edcT,115,ab,37.47
1533,eaTc,10,bd,43.33
1535,Tc,111,abde,63.49
1536,Tcba,119,de,59.54
1537,Te,32,abcd,148.61
1538,Tba,119,cde,17.98
1539,bTde,32,ac,28.49
1540,bTde,2,ac,42.28
1541,Tba,119,cde,31.97
1558,T,43,abcde,107.89
1560,bcade,32,,
1563,edcba,120,,
1565,Tcde,1,ab,211.6
1568,T,96,abcde,29.08
1569,Tcde,2,ab,38.94
1570,Tba,89,cde,29.76
1580,Tcba,120,de,149.76
1582,Tbae,73,cd,104.66
1583,edT,115,abc,62.31
1584,Tba,88,cde,35.82
1586,T,26,abcde,32.06
1587,decba,119,,
1589,edcba,120,,
1590,eTc,105,abd,909.69
1591,edcba,120,,
1593,edcba,120,,
1595,abcde,1,,
1597,bTde,2,ac,97.27
1598,edcT,120,ab,27.82
1599,Tba,120,cde,32.76
1603,edcba,120,,
1604,T,10,abcde,28.43
1605,edcba,120,,
1608,decba,119,,
1609,dTba,89,ce,49.29
1611,Tcba,120,de,17.47
1612,Tba,89,cde,34.53
1614,Tcba,120,de,40.93
1615,dTba,89,ce,62.16
1616,abTe,1,cd,21.67
1617,Tcba,119,de,21.7
1618,decba,119,,
1626,Tba,90,cde,15.98
1702,T,119,abcde,55.8
1707,T,26,abcde,149.6
1708,Tcde,1,ab,39.82
1709,cT,73,abde,22.83
1710,T,108,abcde,17.9
1711,bTde,2,ac,24.58
1712,Tbae,73,cd,42.69
1713,Teba,89,cd,52.95
1714,edcT,120,ab,8.5
1717,T,32,abcde,31.53
1718,Tba,119,cde,8.07
1720,Tcba,120,de,66.45
1721,bacde,2,,
1722,edcT,120,ab,57.58
1723,edcT,120,ab,98.03
1725,Tbea,79,cd,40.96
1726,T,114,abcde,78.39
1727,bacde,2,,
1730,edT,120,abc,53.15
1731,T,120,abcde,23.73
1732,T,66,abcde,28.47
1733,edcT,120,ab,29.22
1734,edcT,120,ab,31.02
1735,Tcde,1,ab,23.49
1736,abcde,1,,
1737,Tba,89,cde,34.27
1742,T,2,abcde,17.89
1752,edcT,120,ab,43.36
1760,edcT,120,ab,86.5
1762,edcT,120,ab,42.67
1773,Tcde,2,ab,172.19
1776,Tade,32,bc,21.19
1777,Te,43,abcd,94.33
1781,Tba,119,cde,16.72
1783,edcT,120,ab,42.32
1784,Teba,89,cd,100.69
1785,Tade,32,bc,64.01
1786,Teba,89,cd,116.23
1788,T,11,abcde,138.89
1789,edcT,120,ab,24.3
1795,edcT,120,ab,256.07
1796,edcba,120,,
1799,dceba,89,,
1802,abT,6,cde,17.54
1805,Teba,89,cd,20.0
1806,Tba,89,cde,11.5
1808,edcba,120,,
1809,Tcba,120,de,22.29
1810,Tba,120,cde,18.25
1813,Tcba,120,de,19.85
1815,Tbae,74,cd,22.46
1817,Te,43,abcd,40.79
1903,Tcba,120,de,57.23
1904,edcT,120,ab,24.06
1905,edcba,120,,
1906,T,120,abcde,15.31
1907,T,2,abcde,30.94
1909,T,120,abcde,13.71
2002,eT,95,abcd,22.55
2002A,T,120,abcde,42.52
2006,T,73,abcde,75.15
2007,T,97,abcde,10.86
2008,Tcde,1,ab,31.89
2009,dTba,119,ce,42.84
2010,T,105,abcde,18.5
2012,Tde,2,abc,26.07
2013,edT,115,abc,53.56
2014,ebaT,40,cd,20.44
2015,Tcde,1,ab,84.28
2017,edcba,120,,
2020,edcba,120,,
2022,edT,120,abc,9.95
2023,T,120,abcde,15.28
2024,Tcba,120,de,21.62
2025,Teba,89,cd,11.44
2027,edcT,120,ab,32.9
2028,Tcba,120,de,24.72
2029,eT,25,abcd,26.1
2030,baT,7,cde,17.94
2031,Tba,119,cde,58.53
2032,eTa,110,bcd,15.63
2033,abcde,1,,
2034,edcba,120,,
2035,T,21,abcde,32.64
2038,T,97,abcde,18.67
2049,abcT,1,de,220.12
2059,abTe,11,cd,1169.96
2061,Teba,89,cd,23.3
2062,cbdae,43,,
2063,edcT,120,ab,38.83
2064,abcT,1,de,15.44
2065,Tcab,115,de,60.16
2066,Tcab,115,de,113.37
2067,edcT,120,ab,10.46
2069,cT,78,abde,17.15
2070,bcade,32,,
2073,Tba,120,cde,29.74
2101,dTab,114,ce,49.62
2102,Tde,33,abc,21.89
2103,abT,1,cde,23.57
2104,edcba,120,,
2105,Tba,119,cde,48.55
2106,Tcba,120,de,31.24
2107,T,89,abcde,25.79
2108,Tba,119,cde,36.88
2109,Te,73,abcd,18.59
2114,edcT,120,ab,94.67
2115,T,11,abcde,31.41
2201,edT,95,abc,57.81
2204,edcT,115,ab,69.66
2206,Tcba,120,de,74.27
2207,T,32,abcde,649.48
2208,eT,120,abcd,17.53
2211,Tcba,120,de,119.2
2221,edT,115,abc,29.01
2227,edcba,120,,
2228,bTde,32,ac,111.54
2230,abT,1,cde,163.1
2231,edcT,120,ab,97.65
2233,Tcde,1,ab,162.04
2235,T,74,abcde,49.1
2236,Tcde,2,ab,119.58
2239,edcT,120,ab,43.81
2241,edTa,110,bc,33.51
2243,cdTa,78,be,22.3
2247,edT,120,abc,291.26
2250,Tba,119,cde,97.66
2254,edcba,120,,
2258,Ta,120,bcde,43.53
2301,eT,120,abcd,103.0
2302,abT,26,cde,17.61
2303,Tba,119,cde,52.51
2305,edcba,120,,
2308,Tcde,1,ab,398.08
2312,abcde,1,,
2313,edcba,120,,
2314,edT,120,abc,29.39
2316,bacde,2,,
2317,Tcde,1,ab,209.72
2321,edcba,120,,
2323,Tba,119,cde,12.26
2324,abT,1,cde,34.39
2327,Tcba,120,de,640.04
2328,abT,16,cde,35.65
2329,edcT,120,ab,40.69
2330,Tcde,2,ab,1040.57
2331,edcT,115,ab,24.43
2332,abcT,1,de,18.8
2337,edcba,120,,
2338,edcba,120,,
2340,edcba,120,,
2342,bacT,2,de,32.52
2344,edcba,120,,
2345,Tcde,2,ab,559.8
2347,Tcba,120,de,73.31
2348,decba,119,,
2348A,abT,1,cde,34.1
2349,cbTe,43,ad,14.65
2351,cdTa,78,be,127.79
2352,edTa,110,bc,37.04
2353,edcba,120,,
2354,abcde,1,,
2355,edcba,120,,
2356,edT,100,abc,45.49
2357,Tcde,2,ab,584.8
2359,cdbae,73,,
2360,abcde,1,,
2362,Tde,32,abc,58.3
2363,Tcde,1,ab,77.34
2364,Tba,90,cde,95.81
2365,cdbae,73,,
2367,Teba,89,cd,33.16
2368,edcba,120,,
2369,edT,95,abc,19.66
2371,edcT,120,ab,44.93
2373,edT,115,abc,68.37
2374,Te,43,abcd,48.09
2375,Ta,119,bcde,66.74
2376,eTc,25,abd,270.72
2377,abT,6,cde,175.89
2379,Tcab,115,de,504.42
2380,edcT,120,ab,6.38
2382,abcde,1,,
2383,Tba,89,cde,440.51
2385,edT,115,abc,163.65
2387,Tba,120,cde,57.52
2388,Tba,90,cde,125.74
2390,abeT,21,cd,13.37
2392,Taeb,69,cd,64.49
2393,abcde,1,,
2395,edcT,120,ab,318.28
2397,abcde,1,,
2399,bacde,2,,
2401,edcba,120,,
2402,Tade,32,bc,41.95
2404,T,11,abcde,339.48
2405,T,71,abcde,20.5
2406,Tcba,120,de,20.36
2408,edcba,120,,
2409,T,110,abcde,16.92
2412,T,89,abcde,122.96
2413,abeT,26,cd,22.74
2414,T,99,abcde,35.9
2415,eT,100,abcd,26.64
2417,Tba,89,cde,43.58
2419,baT,2,cde,31.56
2420,Tcde,2,ab,73.96
2421,eT,55,abcd,99.89
2423,abT,1,cde,40.0
2424,Tcde,2,ab,77.21
2425,abcT,1,de,40.58
2426,bTde,32,ac,22.78
2427,Tcab,115,de,27.58
2428,Ta,78,bcde,169.84
2429,Tabe,63,cd,28.75
2430,edT,120,abc,33.3
2431,abcde,1,,
2432,edcT,120,ab,34.93
2433,T,115,abcde,50.79
2434,T,120,abcde,32.19
2436,Tdac,55,be,60.28
2438,Teba,88,cd,48.14
2439,Tcba,119,de,122.67
2440,Tcba,120,de,14.98
2441,Tcba,120,de,59.77
2442,Tcba,120,de,28.99
2444,Tde,2,abc,14.16
2449,Tcde,1,ab,127.56
2450,edcT,120,ab,35.18
2451,Tba,89,cde,100.09
2453,eT,105,abcd,56.46
2454,Tcde,1,ab,1294.48
2455,Ta,120,bcde,151.54
2457,edcT,120,ab,38.11
2458,T,96,abcde,148.18
2459,T,74,abcde,71.06
2460,edcba,120,,
2461,edcT,120,ab,21.96
2462,edcba,120,,
2464,Tade,33,bc,80.06
2465,edcba,120,,
2466,eT,120,abcd,35.3
2467,Tade,32,bc,213.87
2468,edT,115,abc,24.05
2471,edcT,120,ab,49.16
2472,Tba,89,cde,76.66
2474,Tde,2,abc,235.41
2476,Teba,89,cd,94.01
2477,abcde,1,,
2478,Tba,89,cde,50.37
2480,abcT,1,de,123.26
2481,T,60,abcde,56.98
2482,edTa,120,bc,31.3
2483,Tcba,120,de,23.91
2484,edcT,120,ab,28.96
2485,edT,120,abc,18.02
2486,abcde,1,,
2488,Te,3,abcd,47.93
2489,Tde,32,abc,21.51
2491,Tcba,120,de,14.27
2492,edcba,120,,
2493,abcde,1,,
2495,abcde,1,,
2496,Te,33,abcd,74.46
2497,bTde,2,ac,74.84
2498,Ta,57,bcde,45.67
2501,Tcab,114,de,26.83
2504,abcde,1,,
2505,Tcba,120,de,24.71
2506,Tcba,119,de,11.22
2509,Tcba,119,de,21.41
2511,edcT,120,ab,10.48
2514,Te,1,abcd,21.65
2515,edcba,120,,
2516,aT,16,bcde,12.05
2520,Tcba,119,de,51.2
2524,cdbT,78,ae,79.68
2527,edcba,120,,
2528,Tcba,120,de,42.44
2530,Tcab,115,de,43.74
2534,Te,3,abcd,26.16
2535,Tcba,119,de,52.18
2536,Tcba,120,de,32.2
2537,decba,119,,
2538,Tcba,119,de,17.74
2539,edcT,115,ab,50.62
2540,edcba,120,,
2542,Tcba,119,de,48.28
2543,abcde,1,,
2545,Te,73,abcd,59.37
2546,edcT,120,ab,73.02
2547,Tcba,120,de,10.34
2548,Tcba,119,de,136.17
2596,dTba,119,ce,38.42
2597,Tcba,120,de,154.55
2601,baT,22,cde,7.81
2603,abcde,1,,
2605,Ta,89,bcde,26.92
2606,abT,1,cde,53.98
2607,T,100,abcde,30.9
2608,aT,26,bcde,39.93
2609,abcde,1,,
2610,abT,16,cde,21.55
2611,Tcba,119,de,24.47
2612,Ta,120,bcde,43.96
2613,Taeb,69,cd,32.32
2614,edcT,115,ab,18.93
2615,abcde,1,,
2616,edcT,120,ab,20.39
2617,edcT,120,ab,31.39
2618,Tcde,1,ab,37.41
2630,edcba,120,,
2633,T,120,abcde,29.35
2634,edcba,120,,
2636,edcT,120,ab,86.65
2637,Tcde,1,ab,73.72
2640,T,120,abcde,114.96
2641,Tcba,120,de,19.46
2642,abeT,26,cd,36.03
2643,Tcba,120,de,75.95
2645,edcT,120,ab,94.35
2646,Tba,120,cde,30.54
2701,T,115,abcde,12.71
2702,edT,120,abc,17.57
2704,Tba,119,cde,62.07
2705,Tcba,120,de,18.21
2706,T,115,abcde,15.03
2707,edT,120,abc,202.07
2712,edcT,120,ab,25.85
2718,dceT,89,ab,92.27
2719,edcT,120,ab,47.47
2722,edcT,120,ab,39.96
2723,abT,21,cde,86.85
2724,cdbae,73,,
2726,Tcba,120,de,29.72
2727,abT,21,cde,228.35
2729,edT,120,abc,203.62
2731,edaT,95,bc,135.6
2732,edT,120,abc,103.38
2734,edcT,120,ab,27.12
2736,edaT,100,bc,19.6
2739,T,24,abcde,58.47
2743,edcT,115,ab,108.0
2745,aTc,111,bde,98.35
2748,edT,120,abc,60.0
2751,edcT,120,ab,69.15
2752,edT,100,abc,256.03
2753,eT,105,abcd,155.39
2754,edcT,120,ab,92.66
2755,T,40,abcde,97.43
2756,eT,105,abcd,82.69
2762,abeT,21,cd,92.46
2801,T,120,abcde,17.81
2809,dTba,119,ce,53.99
2812,T,73,abcde,17.93
2816,eT,120,abcd,33.29
2820,T,120,abcde,14.96
2832,T,73,abcde,28.14
2834,Tcba,119,de,16.1
2836,Tba,120,cde,11.94
2836A,T,1,abcde,21.25
2838,T,44,abcde,15.29
2838A,T,11,abcde,52.43
2845,Tcba,120,de,14.3
2849,T,43,abcde,14.64
2850,Tcde,1,ab,98.96
2851,abTe,1,cd,26.39
2852,Te,71,abcd,22.81
2855,Tbae,74,cd,26.41
2867,Tbea,78,cd,7.32
2880,T,73,abcde,25.49
2881,Tcde,2,ab,91.25
2881A,T,1,abcde,62.21
2881B,T,1,abcde,59.73
2881C,T,40,abcde,52.45
2882,Tcde,1,ab,68.65
2882A,T,2,abcde,60.69
2882B,abT,21,cde,58.23
2883,Tcde,2,ab,16.84
2883B,abT,1,cde,7.45
2884,Ta,78,bcde,27.77
2885,baTe,2,cd,31.85
2886,T,120,abcde,39.35
2887,Tcba,120,de,18.28
2887E,T,115,abcde,51.27
2887Z1,T,120,abcde,16.19
2888,cbTe,33,ad,11.35
2888A,Tde,2,abc,35.49
2888B,Tde,2,abc,35.49
2889,Tae,73,bcd,15.17
2890,Teba,89,cd,23.98
2891,abTe,1,cd,35.02
2891B,T,1,abcde,60.48
2892,T,120,abcde,27.32
2897,Tba,120,cde,10.1
2897B,T,1,abcde,11.61
2901,T,78,abcde,27.48
2903,Tcba,120,de,28.48
2904,T,120,abcde,18.42
2905,Teba,88,cd,17.93
2906,Tcba,120,de,19.4
2908,T,120,abcde,20.41
2910,Tcba,120,de,27.02
2911,Tcde,2,ab,9.76
2912,Te,32,abcd,289.27
2913,T,115,abcde,21.16
2915,Tde,31,abc,76.74
2916,edcT,120,ab,48.61
2923,cTae,43,bd,31.32
2926,edcT,115,ab,53.6
2929,bacde,2,,
2937,Tcde,1,ab,36.27
2939,Tcde,1,ab,34.11
2945,Tcba,120,de,42.52
2947,T,54,abcde,84.35
2948,edcba,120,,
2949,edcT,120,ab,85.47
3002,abT,1,cde,15.19
3003,Teba,88,cd,83.01
3004,edcba,120,,
3005,T,1,abcde,111.25
3006,edcba,120,,
3008,Tba,119,cde,2582.91
3010,Tba,89,cde,126.69
3011,beaT,97,cd,29.31
3013,abcde,1,,
3014,edcT,120,ab,138.72
3015,T,2,abcde,58.96
3016,Tcba,120,de,60.1
3017,baTe,2,cd,621.74
3018,Tcde,2,ab,29.65
3019,cbade,33,,
3021,abcde,1,,
3022,Tcba,120,de,79.47
3023,Tba,119,cde,290.79
3024,Tcba,120,de,19.61
3025,bacde,2,,
3026,eT,120,abcd,90.56
3027,edcba,120,,
3028,edT,115,abc,32.1
3029,Tcde,1,ab,101.42
3030,Tbae,73,cd,142.57
3031,bacde,2,,
3032,edcba,120,,
3033,Te,2,abcd,35.11
3034,edcba,120,,
3035,edcba,120,,
3036,edT,105,abc,111.17
3036A,T,1,abcde,48.01
3037,eaTc,25,bd,159.43
3038,edcT,115,ab,25.66
3040,bTde,2,ac,42.74
3042,abcde,1,,
3043,edcba,120,,
3044,Tcba,120,de,200.19
3045,Tde,2,abc,113.51
3046,edcba,120,,
3047,cTe,73,abd,35.12
3048,cTae,73,bd,39.36
3049,bacde,2,,
3050,Tcba,120,de,20.73
3051,aTdc,96,be,31.72
3052,Tcba,120,de,12.55
3054,Tde,2,abc,21.98
3055,abdT,11,ce,72.29
3056,dTab,114,ce,33.12
3057,T,111,abcde,12.92
3058,edT,120,abc,18.11
3059,edcT,120,ab,34.01
3060,abTe,11,cd,27.59
3062,Tcde,1,ab,35.24
3064,cdTe,73,ab,76.61
3066,bacde,2,,
3067,edcT,120,ab,31.8
3071,edTa,120,bc,31.64
3073,cTe,43,abd,71.95
3078,edcba,120,,
3081,Tcde,1,ab,336.39
3083,edaT,100,bc,45.62
3085,bacde,2,,
3086,cbdae,43,,
3088,abT,1,cde,92.77
3090,Tba,119,cde,62.16
3092,aT,96,bcde,31.42
3093,abT,21,cde,29.19
3094,eTa,120,bcd,31.9
3095,cdbT,73,ae,50.19
3105,edcba,120,,
3114,eadT,25,bc,26.3
3115,edcT,120,ab,9.21
3118,Tba,119,cde,32.6
3122,edcba,120,,
3128,edcba,120,,
3130,Tba,119,cde,226.99
3131,cbTe,33,ad,1623.13
3138,edcba,120,,
3141,baT,22,cde,87.58
3147,cTae,43,bd,143.36
3149,bacde,2,,
3150,edcT,120,ab,37.27
3152,edcba,120,,
3162,baTd,7,ce,36.03
3163,cbdae,43,,
3164,Tcba,120,de,22.92
3167,Tcde,1,ab,147.49
3168,edcba,120,,
3169,edcba,120,,
3171,Tcde,1,ab,39.18
3176,edcT,120,ab,36.96
3178,edcba,120,,
3188,dceba,89,,
3189,Tcde,2,ab,109.31
3191,dTba,119,ce,18.15
3202,Ta,89,bcde,15.6
3205,edcT,120,ab,37.33
3206,T,119,abcde,47.76
3207,Tbea,78,cd,138.28
3209,Tcde,1,ab,40.24
3211,abcde,1,,
3213,Teba,89,cd,98.65
3217,aTc,96,bde,154.55
3218,edcba,120,,
3219,abcde,1,,
3221,edcba,120,,
3224,Tde,32,abc,47.5
3226,edcT,120,ab,51.38
3227,bacde,2,,
3228,edcT,115,ab,232.54
3229,Teba,89,cd,22.81
3230,bacde,2,,
3231,abT,6,cde,105.88
3232,Ta,119,bcde,27.36
3234,bTde,2,ac,46.13
3236,abT,21,cde,21.09
3252,Tcab,115,de,20.71
3257,abTd,6,ce,60.49
3259,Tcab,115,de,28.39
3260,edcba,120,,
3264,edcba,120,,
3265,Tcba,120,de,114.2
3266,Tcba,120,de,21.26
3268,T,26,abcde,26.41
3272,abT,6,cde,30.67
3276,edcT,120,ab,16.58
3284,dceba,89,,
3285,abTe,1,cd,28.59
3287,Tcba,120,de,39.2
3288,edcT,120,ab,25.49
3289,abcde,1,,
3290,Tcde,2,ab,35.97
3293,abTe,1,cd,979.37
3294,Tcba,120,de,32.85
3296,Tcde,1,ab,27.62
3297,Tbea,78,cd,26.09
3303,Tcde,1,ab,58.8
3305,Ta,89,bcde,69.47
3306,Tea,47,bcd,57.08
3308,eadbc,25,,
3310,edcT,120,ab,83.9
3311,T,26,abcde,38.28
3312,cdbT,73,ae,67.43
3313,Tcba,120,de,18.31
3317,edcba,120,,
3321,Tcba,119,de,18.99
3322,edcba,120,,
3323,aeTc,111,bd,25.13
3324,Tea,77,bcd,679.11
3325,edaT,100,bc,23.86
3338,Tcba,120,de,72.74
3339,Te,73,abcd,40.92
3346,edT,110,abc,38.83
3354,bacde,2,,
3357,Teba,89,cd,130.15
3360,Tcde,2,ab,18.18
3362,Tbea,78,cd,237.06
3363,bacde,2,,
3372,Tcba,119,de,18.89
3373,edcba,120,,
3374,cbTe,33,ad,212.13
3376,dTba,89,ce,195.12
3379,cbdae,43,,
3380,baT,7,cde,34.67
3388,Tba,120,cde,72.32
3390,Tba,89,cde,31.21
3402,Tde,2,abc,106.42
3406,Tcba,119,de,499.37
3413,Tde,32,abc,348.5
3416,T,89,abcde,139.01
3419,T,110,abcde,17.11
3426,Tde,32,abc,50.19
3430,bacde,2,,
3432,dTba,89,ce,22.19
3434,Tcba,120,de,28.78
3437,Ta,120,bcde,26.36
3438,T,26,abcde,76.74
3441,baT,2,cde,38.08
3443,eTc,40,abd,1225.77
3444,edcba,120,,
3447,abcde,1,,
3450,Tcde,2,ab,221.34
3454,edT,120,abc,121.14
3455,Tcde,1,ab,136.24
3465,edcba,120,,
3466,bacde,2,,
3479,Tcba,120,de,108.17
3481,Tcde,2,ab,15.93
3483,Tba,119,cde,167.13
3484,cdbT,78,ae,53.73
3489,decba,119,,
3490,aTe,11,bcd,33.9
3491,cbTe,33,ad,305.23
3492,Tde,2,abc,28.5
3494,Tcde,1,ab,8.03
3498,Tcde,2,ab,66.58
3499,T,47,abcde,21.28
3501,Tba,89,cde,66.64
3504,eT,105,abcd,56.36
3508,abT,21,cde,26.76
3511,bacde,2,,
3512,edcba,120,,
3515,edT,120,abc,206.48
3516,Tcde,2,ab,27.57
3518,Tab,115,cde,32.48
3520,abcde,1,,
3521,edcba,120,,
3522,Tde,32,abc,23.5
3523,Tcde,1,ab,25.24
3526,Tcde,1,ab,277.01
3527,edcT,120,ab,79.31
3528,T,43,abcde,51.52
3529,abcde,1,,
3530,baeT,27,cd,96.29
3532,edcba,120,,
3533,abcde,1,,
3535,cTde,33,ab,58.34
3537,bTde,32,ac,59.7
3540,edT,120,abc,37.78
3541,edcT,120,ab,29.01
3543,T,58,abcde,22.88
3545,beaT,97,cd,83.97
3546,T,100,abcde,80.33
3548,edcba,120,,
3550,bacde,2,,
3551,abcde,1,,
3552,eadbc,25,,
3555,Tcab,114,de,34.89
3556,edT,120,abc,48.68
3557,Tbea,78,cd,72.66
3558,edcba,120,,
3563,Te,2,abcd,357.75
3564,Tdae,43,bc,91.34
3567,edcT,115,ab,33.57
3570,edcT,115,ab,145.47
3576,edcT,115,ab,11.38
3577,bcT,37,ade,62.19
3580,Tde,33,abc,97.47
3581,abcde,1,,
3583,bacde,2,,
3587,T,42,abcde,274.46
3588,bT,97,acde,81.84
3591,bT,2,acde,26.2
3592,edTa,120,bc,350.15
3593,Teba,88,cd,14.55
3594,edcT,120,ab,40.47
3596,abeT,26,cd,151.39
3597,abcde,1,,
3605,bacde,2,,
3607,Tcde,1,ab,21.41
3609,Tcab,114,de,40.66
3611,T,21,abcde,221.16
3615,Tcde,2,ab,35.48
3617,Tcde,1,ab,308.96
3622,Te,32,abcd,64.67
3623,edcba,120,,
3624,Tba,120,cde,51.82
3625,edcT,120,ab,11.9
3628,edcba,120,,
3630,edT,115,abc,27.35
3631,cTae,73,bd,43.68
3632,T,89,abcde,14.33
3645,Teba,88,cd,46.93
3646,T,114,abcde,30.04
3652,aTde,1,bc,42.29
3653,Tcde,2,ab,1458.19
3661,edcT,115,ab,1977.36
3663,abcde,1,,
3664,aeTc,96,bd,24.96
3665,Tcde,1,ab,468.41
3666,Tb,99,acde,33.34
3669,edcT,120,ab,44.98
3672,abeT,26,cd,21.39
3673,Te,33,abcd,42.82
3675,T,77,abcde,294.76
3679,Te,1,abcd,132.94
3680,bTde,32,ac,546.77
3684,T,115,abcde,45.4
3685,edcT,120,ab,17.66
3686,Tabe,63,cd,23.76
3687,abcT,1,de,98.08
3689,Tcde,1,ab,90.87
3691,edcba,120,,
3693,edcba,120,,
3694,edcba,120,,
3701,edacb,100,,
3702,edcT,120,ab,76.25
3702A,Tcde,1,ab,50.85
3703,Tcba,120,de,31.83
3704,aTdc,96,be,39.7
3705,Tde,32,abc,57.13
3706,baT,2,cde,45.3
3707,edcT,115,ab,55.71
3708,Tcba,120,de,118.21
3709,abcde,1,,
3710,bacde,2,,
3711,Te,2,abcd,157.29
3712,Tbea,78,cd,52.59
3713,Tcab,115,de,24.23
3714,abcT,1,de,43.72
3715,bTd,7,ace,68.86
3716,edcT,120,ab,38.3
4102,Tba,119,cde,37.59
4104,T,120,abcde,88.0
4105,eT,120,abcd,73.8
4106,edcT,120,ab,25.38
4107,Tba,89,cde,128.11
4108,edcT,120,ab,17.48
4109,Tbea,78,cd,27.53
4111,Tcab,115,de,26.75
4113,edcba,120,,
4114,Tcba,120,de,38.16
4116,edTa,120,bc,51.6
4119,T,110,abcde,89.77
4120,Tde,1,abc,48.85
4121,edcT,120,ab,17.91
4123,abT,1,cde,47.61
4126,T,12,abcde,88.56
4127,Tde,1,abc,35.82
4128,edcT,120,ab,38.98
4129,aT,11,bcde,97.09
4130,edT,120,abc,22.48
4131,Tba,89,cde,30.85
4133,edcT,120,ab,29.64
4137,edT,110,abc,142.95
4138,edcT,120,ab,89.69
4139,eT,80,abcd,30.91
4142,edcba,120,,
4147,edaT,100,bc,79.88
4148,abT,26,cde,47.08
4153,cdTa,78,be,44.09
4154,bacde,2,,
4155,Tba,120,cde,24.74
4157,eTba,120,cd,14.41
4160,Tbea,78,cd,92.38
4161,Tdae,42,bc,35.08
4162,abeT,26,cd,90.95
4163,edcT,115,ab,113.82
4164,edcba,120,,
4167,T,29,abcde,21.97
4168,T,100,abcde,26.31
4171,edcT,120,ab,29.15
4173,Tba,120,cde,21.17
4174,Tba,88,cde,70.34
4175,edcT,120,ab,70.08
4183,T,89,abcde,23.65
4188,edcT,120,ab,22.03
4190,abTd,6,ce,51.21
4192,Tcba,120,de,40.47
4205,edcT,120,ab,88.6
4207,Tcba,120,de,17.31
4303,Tde,2,abc,47.57
4304,aTde,1,bc,11.23
4305,Te,32,abcd,45.48
4306,Tba,119,cde,19.48
4401,Tba,120,cde,24.02
4402,dceba,89,,
4406,T,2,abcde,10.8
4413,Ta,120,bcde,18.02
4414,edcba,120,,
4416,Tcba,120,de,94.39
4417,T,43,abcde,39.45
4419,Tbea,78,cd,51.76
4420,dTba,89,ce,55.46
4426,edcT,120,ab,13.24
4430,T,1,abcde,21.7
4432,T,22,abcde,23.62
4433,T,110,abcde,28.88
4438,edcT,120,ab,103.06
4439,edcT,120,ab,90.24
4440,T,2,abcde,26.54
4442,Tcde,1,ab,34.53
4502,edcT,120,ab,25.43
4503,edT,95,abc,51.2
4506,aT,11,bcde,101.29
4510,bTde,32,ac,42.71
4513,Teba,89,cd,51.77
4523,edcba,120,,
4526,Tade,32,bc,33.22
4527,abcde,1,,
4528,Tba,120,cde,29.48
4529,edcab,115,,
4530,abcde,1,,
4532,bTe,2,acd,26.97
4533,Tbae,74,cd,41.33
4534,cdbae,73,,
4535,T,88,abcde,34.44
4536,abcde,1,,
4538,Teba,88,cd,20.87
4540,Tcde,2,ab,44.05
4541,baT,7,cde,29.0
4542,bacde,2,,
4543,Tcba,120,de,51.61
4545,Tcde,1,ab,62.55
4549,Tde,2,abc,162.72
4550,edcT,120,ab,25.77
4551,Tcde,2,ab,132.78
4552,edTa,120,bc,26.71
4554,T,99,abcde,29.42
4555,edcba,120,,
4556,Tba,119,cde,34.38
4557,Tcde,1,ab,133.24
4558,abcde,1,,
4560,edT,115,abc,33.05
4561,bcade,32,,
4562,Tade,32,bc,66.11
4563,bacde,2,,
4564,Tcba,120,de,24.3
4566,cbTe,43,ad,87.11
4568,Tba,120,cde,54.13
4569,abcde,1,,
4571,Tcde,2,ab,165.97
4572,Tba,120,cde,155.53
4576,abcde,1,,
4577,abcT,6,de,22.0
4580,Tcba,119,de,98.88
4581,edcT,120,ab,54.01
4583,Tcde,1,ab,776.15
4584,Tba,89,cde,65.84
4588,edcT,120,ab,85.77
4609,Teba,88,cd,8.74
4702,T,120,abcde,12.86
4706,T,41,abcde,30.56
4707,Teba,88,cd,15.11
4711,Tde,2,abc,17.89
4714,Tba,119,cde,19.72
4716,Tcde,1,ab,29.98
4720,Tbae,73,cd,20.53
4721,edcT,115,ab,71.06
4722,Te,43,abcd,44.62
4726,aTe,11,bcd,49.55
4728,T,69,abcde,268.76
4729,Tcde,2,ab,30.62
4735,cTae,73,bd,41.33
4736,T,119,abcde,159.29
4737,abT,21,cde,68.6
4739,edT,100,abc,59.71
4741,cTe,63,abd,43.75
4743,edcba,120,,
4744,edcba,120,,
4745,T,55,abcde,22.58
4746,edcT,120,ab,91.49
4747,aebT,96,cd,70.52
4754,T,120,abcde,41.28
4755,Tcba,120,de,132.46
4760,Tdae,43,bc,130.61
4763,Tba,90,cde,872.83
4764,Tcde,2,ab,46.28
4766,Tcba,120,de,308.45
4768,Ta,89,bcde,225.35
4770,edcT,120,ab,335.14
4771,edcba,120,,
4772,edcba,120,,
4806,Tbea,78,cd,13.73
4807,abcde,1,,
4903,bacde,2,,
4904,Te,3,abcd,88.82
4905,Tba,119,cde,91.8
4906,Tba,89,cde,38.37
4907,dTba,119,ce,70.08
4908,Ta,47,bcde,100.27
4909,cbTe,33,ad,132.1
4911,baT,22,cde,57.11
4912,Tacb,100,de,105.9
4915,Tbea,78,cd,89.45
4916,eTc,10,abd,29.27
4919,eadbc,25,,
4923,edcba,120,,
4924,dTba,89,ce,19.6
4927,cdeba,88,,
4930,baT,2,cde,33.44
4931,Tcde,2,ab,34.98
4933,Te,43,abcd,68.61
4934,edcba,120,,
4935,Tcde,1,ab,74.56
4938,Tae,73,bcd,102.37
4939,T,48,abcde,21.34
4942,T,120,abcde,43.74
4943,Tcba,120,de,18.52
4945,edT,120,abc,83.56
4946,edcba,120,,
4949,edcT,115,ab,23.44
4950,bacT,7,de,10.69
4951,Tcba,120,de,75.65
4952,Tcab,115,de,56.1
4953,edT,105,abc,117.41
4956,abcde,1,,
4958,Tcba,119,de,119.79
4960,Tcba,120,de,13.72
4961,Ta,48,bcde,263.45
4966,edcba,120,,
4967,Tcba,120,de,108.94
4968,Tcba,120,de,187.97
4971,bacde,2,,
4972,edcT,120,ab,26.05
4973,edcT,120,ab,31.57
4974,Tcde,2,ab,97.84
4976,Tcba,120,de,43.8
4977,bacde,2,,
4979,bacT,7,de,133.1
4987,Tcde,1,ab,71.46
4989,edcba,120,,
4991,abcde,1,,
4994,dTba,89,ce,108.36
4995,Tade,32,bc,75.06
4999,abT,1,cde,34.62
5007,T,120,abcde,56.25
5009,edT,115,abc,46.62
5011,Tba,119,cde,23.89
5013,T,110,abcde,33.79
5014,Tcde,2,ab,18.08
5015,edcT,120,ab,40.95
5016,T,115,abcde,27.62
5201,edcT,120,ab,27.64
5202,abcde,1,,
5203,Tba,120,cde,95.27
5205,bTde,2,ac,38.08
5206,dceba,89,,
5209,Tcba,120,de,183.62
5210,abeT,26,cd,30.0
5211,aT,16,bcde,26.54
5212,Tbea,78,cd,60.09
5213,edcT,120,ab,31.18
5215,eT,95,abcd,48.85
5220,T,105,abcde,26.05
5222,edcT,120,ab,136.83
5223,edcba,120,,
5225,cdTe,73,ab,123.59
5227,aebdc,96,,
5228,Tba,120,cde,21.72
5230,bcTe,42,ad,34.19
5234,bacde,2,,
5236,bcade,32,,
5243,Tcde,1,ab,63.73
5244,Tcba,120,de,43.48
5245,bacT,2,de,36.04
5251,Tcba,119,de,30.78
5258,edcba,120,,
5263,bTde,2,ac,181.27
5269,edT,120,abc,1630.55
5272,baT,22,cde,32.72
5274,cbTe,43,ad,4319.12
5276,abcde,1,,
5278,abcde,1,,
5283,eT,110,abcd,104.66
5284,abT,6,cde,132.97
5285,Ta,120,bcde,65.47
5287,edT,120,abc,186.66
5288,bTde,2,ac,211.21
5289,edcba,120,,
5291,Tba,89,cde,27.66
5292,bTde,2,ac,164.3
5299,edcba,120,,
5301,edcT,120,ab,8.37
5302,Tcba,120,de,11.68
5306,Tba,89,cde,143.41
5309,Tba,119,cde,36.62
5310,Tcde,1,ab,47.62
5312,T,1,abcde,100.32
5314,abcde,1,,
5315,Tcde,1,ab,20.09
5321,edcba,120,,
5324,Tcba,120,de,12.75
5328,T,2,abcde,15.65
5340,edcba,120,,
5344,eT,105,abcd,19.34
5345,cTde,33,ab,27.53
5347,dceba,89,,
5348,Tcde,1,ab,24.98
5351,edcba,120,,
5353,edT,120,abc,32.09
5355,Tba,89,cde,11.94
5356,T,73,abcde,36.32
5364,bacde,2,,
5371,edcba,120,,
5381,edcT,120,ab,27.3
5386,abcde,1,,
5388,eT,105,abcd,111.36
5392,Teba,89,cd,32.01
5398,abcde,1,,
5403,Tcba,120,de,118.01
5410,edcT,120,ab,33.17
5425,edT,115,abc,64.01
5426,edTb,100,ac,28.89
5432,cdbea,78,,
5434,abcde,1,,
5438,abcde,1,,
5439,edcba,120,,
5443,cbade,33,,
5450,edcT,120,ab,18.38
5452,bacde,2,,
5455,Teba,88,cd,66.98
5457,edTa,110,bc,50.7
5460,abcde,1,,
5464,edcT,120,ab,27.17
5465,edT,95,abc,34.73
5468,Te,33,abcd,23.15
5469,abT,21,cde,53.61
5471,edaT,95,bc,45.46
5474,Tdae,43,bc,166.38
5475,Teba,88,cd,14.12
5478,aTc,96,bde,133.59
5481,bacde,2,,
5483,edcba,120,,
5484,cdbea,78,,
5487,Tcde,2,ab,38.35
5488,abcde,1,,
5489,Tbae,73,cd,42.07
5490,Tcba,120,de,27.17
5493,Te,2,abcd,94.86
5498,T,114,abcde,13.91
5508,Tbae,73,cd,229.98
5511,eTbc,25,ad,61.52
5512,Tcba,120,de,11.21
5514,Tba,89,cde,21.76
5516,edcba,120,,
5519,Tcba,119,de,41.74
5520,T,73,abcde,80.81
5521,Ta,60,bcde,12.23
5522,Tcba,119,de,74.6
5523,Te,2,abcd,30.83
5525,Tcba,119,de,34.83
5529,Tcba,119,de,28.7
5530,Teab,84,cd,47.63
5531,Tcab,115,de,10.57
5533,edcT,120,ab,20.5
5534,Tcba,119,de,106.26
5536,abcde,1,,
5538,Tade,32,bc,35.9
5543,edcba,120,,
5546,eT,25,abcd,29.95
5548,T,114,abcde,34.72
5603,Tcde,1,ab,31.15
5604,T,85,abcde,42.37
5607,edcba,120,,
5608,edcT,120,ab,17.83
5609,Tcba,120,de,87.97
5701,edcT,120,ab,4.79
5704,edcT,120,ab,39.67
5706,edT,100,abc,61.2
5864,Tcba,120,de,19.01
5871,eT,110,abcd,152.37
5871A,T,25,abcde,95.37
5876,edT,115,abc,39.62
5878,T,120,abcde,47.2
5880,Tba,120,cde,25.82
5902,Te,33,abcd,39.04
5903,T,25,abcde,187.94
5904,Ta,88,bcde,516.99
5905,cdTa,88,be,16.36
5907,bacde,2,,
6005,Te,11,abcd,22.13
6015,Tcba,120,de,11.79
6016,edcba,120,,
6020,T,89,abcde,19.1
6021,Tcde,2,ab,24.47
6023,abTe,1,cd,86.46
6024,T,1,abcde,56.21
6026,edcT,120,ab,12.94
6101,edcab,115,,
6103,bacde,2,,
6104,Tcde,2,ab,145.95
6108,edcab,115,,
6109,abT,6,cde,13.94
6111,edaT,100,bc,62.89
6112,edcT,120,ab,47.81
6113,Tcba,120,de,27.86
6114,abcde,1,,
6115,T,79,abcde,52.72
6116,edT,105,abc,9.21
6117,Te,72,abcd,103.98
6118,beaT,97,cd,22.66
6120,edcba,120,,
6121,edcba,120,,
6122,edT,115,abc,52.48
6123,edcT,120,ab,60.55
6124,bacT,2,de,34.73
6125,Teba,89,cd,93.13
6126,aTc,26,bde,32.9
6127,abT,1,cde,28.04
6128,T,110,abcde,36.39
6129,edcba,120,,
6130,Tcba,120,de,29.54
6133,abcde,1,,
6134,abcde,1,,
6136,T,89,abcde,22.62
6138,bT,47,acde,194.82
6139,Te,11,abcd,228.26
6140,edcT,115,ab,25.48
6141,edcT,120,ab,13.18
6142,abcde,1,,
6143,cdbea,78,,
6144,cbdea,48,,
6146,edcT,120,ab,214.78
6147,edcT,120,ab,63.94
6148,baeT,22,cd,28.12
6150,eadbc,25,,
6151,abcde,1,,
6152,cbdae,43,,
6153,Tcba,120,de,21.15
6154,T,120,abcde,16.15
6155,abT,1,cde,27.71
6156,bacde,2,,
6158,abT,6,cde,31.11
6160,Te,1,abcd,26.16
6161,abTe,11,cd,51.55
6163,cTae,73,bd,24.51
6164,aT,16,bcde,14.39
6165,abcde,1,,
6166,T,61,abcde,70.19
6167,abT,6,cde,15.26
6168,beaT,97,cd,22.9
6169,eadT,25,bc,21.71
6170,eadT,25,bc,47.25
6171,dTba,119,ce,40.92
6173,Tba,120,cde,48.09
6174,baeT,27,cd,21.05
6175,Tcba,120,de,38.1
6176,abcde,1,,
6177,decba,119,,
6179,bT,7,acde,31.41
6180,aT,1,bcde,78.09
6182,edcT,120,ab,30.04
6183,Tcde,1,ab,78.87
6184,Tba,120,cde,52.44
6185,aT,96,bcde,15.82
6186,Tcba,120,de,82.92
6187,Tcde,2,ab,456.94
6188,Tbea,78,cd,99.72
6189,T,89,abcde,84.67
6190,Tba,89,cde,37.09
6191,edcT,120,ab,59.21
6192,Teba,88,cd,114.18
6194,cTe,43,abd,40.61
6195,edcT,120,ab,38.08
6196,T,17,abcde,154.06
6197,abcde,1,,
6198,Tcba,120,de,48.84
6199,abcde,1,,
6201,Tcab,115,de,58.97
6202,abeT,26,cd,53.54
6203,edcba,120,,
6204,edcT,120,ab,92.87
6205,edcT,120,ab,69.08
6206,Te,2,abcd,86.86
6207,Tade,32,bc,71.94
6208,Tcde,2,ab,60.7
6209,edcT,120,ab,25.43
6210,T,10,abcde,24.68
6212,decba,119,,
6213,edTb,115,ac,78.43
6214,abcde,1,,
6215,Tade,33,bc,64.31
6216,abcde,1,,
6217,T,2,abcde,45.47
6218,bacde,2,,
6219,dTba,89,ce,41.04
6220,abcT,1,de,24.8
6221,Tcba,120,de,77.42
6222,Tcba,119,de,30.38
6223,Tcde,2,ab,807.81
6224,bacde,2,,
6225,Te,73,abcd,15.76
6226,eT,110,abcd,10.06
6227,Taeb,69,cd,70.11
6228,cdbea,78,,
6229,abT,11,cde,35.62
6230,Tcba,119,de,235.93
6231,bacde,2,,
6233,edcba,120,,
6234,T,10,abcde,27.12
6235,edcT,115,ab,71.1
6236,Tcba,120,de,31.27
6237,beaT,97,cd,50.08
6239,edcba,120,,
6240,Tab,84,cde,23.47
6241,abcde,1,,
6242,edcT,120,ab,43.68
6243,edT,110,abc,52.08
6244,edcT,120,ab,24.8
6245,edT,120,abc,91.02
6246,Tcde,1,ab,26.17
6248,Tba,119,cde,31.07
6257,T,42,abcde,75.92
6259,edcT,120,ab,20.19
6261,T,29,abcde,71.17
6263,Tea,78,bcd,168.32
6264,Tcba,119,de,11.67
6265,Tba,119,cde,12.62
6266,T,105,abcde,32.07
6269,edcT,120,ab,76.17
6270,Te,2,abcd,28.56
6271,edcba,120,,
6274,Tbea,78,cd,169.44
6276,edcba,120,,
6277,T,100,abcde,79.2
6278,Tba,119,cde,112.64
6279,Tde,32,abc,170.34
6281,T,120,abcde,83.69
6282,edcba,120,,
6283,abT,1,cde,28.77
6284,Ta,78,bcde,87.06
6285,edT,100,abc,120.98
6288,aebT,96,cd,28.15
6290,Tba,89,cde,82.86
6291,edcba,120,,
6292,edT,115,abc,66.44
6294,edcT,120,ab,96.54
6405,abcde,1,,
6409,Tcde,2,ab,2144.74
6411,T,40,abcde,97.98
6412,edcT,120,ab,127.52
6414,T,105,abcde,299.28
6415,Tcde,2,ab,514.33
6416,Tade,32,bc,148.89
6417,T,27,abcde,103.77
6418,edcba,120,,
6419,Tbae,74,cd,113.37
6423,edcT,120,ab,89.51
6425,abcde,1,,
6426,bcaT,32,de,68.32
6431,cbdae,43,,
6432,edcT,120,ab,32.02
6435,T,26,abcde,101.93
6438,abcde,1,,
6441,baT,7,cde,43.17
6442,abcde,1,,
6443,edcba,120,,
6446,Tde,3,abc,640.6
6449,cbTe,43,ad,151.81
6451,Tdae,43,bc,224.97
6456,edcT,115,ab,57.85
6457,Tcde,1,ab,66.41
6461,Ta,88,bcde,28.81
6462,Tcba,119,de,222.28
6464,edT,115,abc,79.94
6465,T,99,abcde,22.7
6469,edcT,120,ab,181.3
6470,edT,120,abc,51.34
6472,Tba,89,cde,753.72
6477,edcT,120,ab,33.82
6482,edcT,120,ab,49.34
6485,edcba,120,,
6486,T,67,abcde,85.56
6488,edcba,120,,
6491,edcba,120,,
6492,Tde,2,abc,50.85
6494,edcba,120,,
6496,T,84,abcde,30.07
6499,abT,1,cde,45.4
6504,T,115,abcde,70.48
6505,edcba,120,,
6506,Tcde,2,ab,19.27
6508,eT,100,abcd,31.21
6509,abT,1,cde,40.59
6510,abcde,1,,
6512,Tcab,114,de,23.13
6515,abcde,1,,
6516,edcT,120,ab,69.23
6517,bacT,2,de,74.12
6523,edcT,120,ab,147.32
6525,abcT,1,de,67.83
6526,T,82,abcde,631.27
6527,T,78,abcde,87.94
6530,bacde,2,,
6531,edT,120,abc,307.86
6532,Tcde,2,ab,75.08
6533,abeT,26,cd,383.34
6534,aebT,96,cd,78.93
6535,abcde,1,,
6538,edcba,120,,
6541,Tade,32,bc,64.7
6542,Tba,119,cde,59.93
6546,Teba,88,cd,171.2
6547,edcba,120,,
6548,Teba,89,cd,38.58
6550,edcT,120,ab,50.53
6552,Teba,89,cd,47.15
6556,Tba,119,cde,100.49
6558,edcT,115,ab,22.35
6560,Tcba,119,de,34.25
6561,Tde,2,abc,472.9
6568,eabT,10,cd,129.4
6569,edcba,120,,
6570,Tba,89,cde,56.54
6573,abcde,1,,
6574,Tcde,1,ab,53.66
6576,edcT,120,ab,78.26
6577,edcT,120,ab,87.77
6578,edcba,120,,
6579,edcba,120,,
6581,Tcde,1,ab,119.93
6582,Te,33,abcd,61.4
6584,Te,72,abcd,178.83
6585,edcba,120,,
6588,Tcde,1,ab,39.27
6589,abT,21,cde,87.24
6590,edcT,120,ab,71.09
6591,edT,95,abc,50.6
6592,edcba,120,,
6592A,T,115,abcde,95.28
6592B,T,2,abcde,95.21
6593,edaT,95,bc,81.7
6596,abTe,1,cd,71.99
6598,Tcba,120,de,23.24
6603,Te,33,abcd,19.15
6605,cTe,43,abd,242.8
6606,aTde,1,bc,29.06
6609,abcde,1,,
6612,Teba,88,cd,145.51
6613,abT,1,cde,171.1
6615,Tcba,119,de,52.74
6616,edT,115,abc,12.66
6617,edcba,120,,
6624,edcT,120,ab,38.05
6625,abeT,26,cd,88.27
6629,aTde,31,bc,130.19
6637,edT,110,abc,98.62
6640,cdbae,73,,
6641,Tba,120,cde,40.94
6642,bTde,2,ac,69.2
6643,edcba,120,,
6645,edcba,120,,
6649,Tcde,1,ab,35.46
6651,Tade,32,bc,96.37
6654,Tcba,120,de,46.71
6655,Teba,88,cd,134.24
6657,edcba,120,,
6658,abcde,1,,
6661,Tcab,114,de,25.3
6662,T,74,abcde,36.32
6664,Tade,33,bc,291.54
6666,T,97,abcde,61.75
6667,Tcde,1,ab,228.34
6668,edcba,120,,
6669,edT,110,abc,1922.29
6670,abcde,1,,
6671,T,119,abcde,43.07
6672,edT,115,abc,70.88
6674,T,115,abcde,25.02
6679,eTc,105,abd,348.2
6680,Tcde,1,ab,93.15
6683,Tbea,78,cd,358.12
6684,edcba,120,,
6689,edcba,120,,
6690,Tde,31,abc,220.96
6691,edcT,120,ab,313.23
6692,cTae,43,bd,40.02
6693,Tcde,2,ab,88.36
6695,edT,120,abc,58.38
6697,aTdc,96,be,46.4
6698,cTe,43,abd,41.85
6703,edcba,120,,
6706,Tcde,2,ab,168.74
6708,edcT,115,ab,38.48
6712,edT,100,abc,183.77
6715,baTe,2,cd,174.14
6716,edcba,120,,
6719,edTa,120,bc,251.25
6721,abT,1,cde,53.17
6727,Tcde,1,ab,84.06
6728,Tc,10,abde,125.07
6732,edcba,120,,
6733,abT,1,cde,37.27
6735,Tcba,120,de,77.47
6739,bTde,2,ac,179.22
6741,abeT,26,cd,89.62
6742,bacT,7,de,66.64
6743,dTba,119,ce,58.77
6747,edcba,120,,
6751,eTbc,95,ad,58.95
6752,abeT,21,cd,117.94
6753,Teba,89,cd,123.46
6754,cdT,73,abe,69.27
6756,edcba,120,,
6757,abcde,1,,
6761,Teba,88,cd,100.89
6762,Te,33,abcd,280.8
6763,edcab,115,,
6767,edT,120,abc,32.99
6768,abcde,1,,
6770,edcba,120,,
6771,edcba,120,,
6776,edT,115,abc,56.95
6781,edT,110,abc,518.77
6782,Tcba,120,de,237.4
6785,edcba,120,,
6788,Tcde,2,ab,260.92
6789,Tba,119,cde,294.46
6790,Tba,119,cde,48.75
6791,abcde,1,,
6792,edcT,120,ab,65.91
6794,Tba,119,cde,77.63
6796,eT,25,abcd,85.02
6799,edcba,120,,
6803,edcT,120,ab,282.7
6804,edcT,120,ab,31.8
6805,Tcde,2,ab,849.13
6806,Tcba,120,de,133.37
6807,Tcde,1,ab,75.99
6811,edT,115,abc,252.03
6821,abcT,1,de,40.47
6823,Tcde,2,ab,72.82
6829,Tdae,42,bc,120.63
6830,Tcde,2,ab,204.15
6834,Tbea,78,cd,37.34
6835,abTe,1,cd,50.94
6838,bacT,2,de,42.8
6840,edcba,120,,
6841,edcT,120,ab,81.79
6843,edcT,120,ab,49.79
6844,abeT,21,cd,163.19
6846,baT,2,cde,77.08
6854,abcde,1,,
6855,bacde,2,,
6856,Ta,90,bcde,65.97
6859,abcde,1,,
6861,edcT,120,ab,64.26
6862,Tcba,120,de,255.49
6863,bTde,2,ac,264.8
6865,abedc,26,,
6869,cTae,43,bd,212.82
6870,abcde,1,,
6873,cTae,73,bd,232.58
6874,eadT,25,bc,100.67
6875,edcba,120,,
6877,cbTe,33,ad,65.22
6881,edcT,120,ab,219.75
6890,abcde,1,,
6894,Tc,25,abde,197.78
6895,cbTe,43,ad,187.75
6899,eT,105,abcd,58.5
6901,edcba,120,,
6903,edcba,120,,
6904,edcT,120,ab,145.68
6906,bacT,2,de,162.79
6913,abT,26,cde,121.4
6914,edcba,120,,
6916,T,10,abcde,25.91
6919,Tab,115,cde,511.35
6922,Teba,89,cd,153.7
6923,aT,111,bcde,90.46
6928,edcT,120,ab,60.59
6929,edcba,120,,
6933,eTbc,25,ad,260.02
6937,Tcde,1,ab,333.2
6949,edcT,115,ab,92.27
6951,abcde,1,,
6952,edcba,120,,
6953,edcba,120,,
6957,edcba,120,,
6958,Tba,120,cde,30.98
6967,edcba,120,,
6968,edcT,120,ab,74.35
6969,bacde,2,,
6988,Tba,120,cde,24.93
7402,edcba,120,,
7556,abTe,1,cd,132.28
7584,edcT,120,ab,79.9
8011,Tde,1,abc,27.11
8016,edcba,120,,
8021,abcde,1,,
8024,abeT,26,cd,19.07
8027,Te,42,abcd,105.84
8028,bacde,2,,
8032,abcde,1,,
8033,edcba,120,,
8034,abeT,26,cd,22.12
8038,edT,110,abc,26.65
8039,Teba,88,cd,57.75
8040,Tae,73,bcd,79.9
8042,T,120,abcde,34.89
8043,abcde,1,,
8044,abecd,21,,
8046,edcba,120,,
8047,abcde,1,,
8048,edcT,120,ab,55.17
8049,edT,120,abc,35.31
8050,edT,100,abc,74.27
8054,decba,119,,
8059,Tcde,1,ab,35.62
8064,Tcde,1,ab,64.55
8066,T,120,abcde,29.15
8067,Te,43,abcd,18.13
8068,edT,100,abc,30.4
8069,bacde,2,,
8070,Tade,32,bc,57.83
8071,cdbT,73,ae,20.16
8072,T,96,abcde,27.62
8074,Tcde,1,ab,26.7
8076,Teba,88,cd,33.77
8077,decT,119,ab,50.95
8080,Tcde,2,ab,33.46
8081,edcT,120,ab,228.52
8083,Tcab,115,de,164.49
8084,edcT,115,ab,61.98
8085,edcba,120,,
8086,edcba,120,,
8087,edcba,120,,
8088,edcT,120,ab,26.44
8089,dceT,89,ab,88.79
8091,cTae,43,bd,146.33
8092,dTba,89,ce,24.37
8093,Tbea,78,cd,22.27
8096,cdbT,78,ae,39.93
8097,Tcde,2,ab,76.14
8099,Tcde,2,ab,87.91
8103,Teba,88,cd,59.89
8104,bacde,2,,
8105,cTe,73,abd,16.94
8107,abcde,1,,
8109,edcT,115,ab,88.0
8110,Tcba,120,de,17.49
8111,bacde,2,,
8112,Tcba,120,de,71.87
8112A,T,1,abcde,42.7
8114,Tcde,2,ab,212.82
8121,dceba,89,,
8131,edcT,120,ab,34.38
8147,Teba,88,cd,124.88
8150,edcT,120,ab,36.05
8155,abT,21,cde,136.4
8162,eadT,25,bc,35.89
8171,eaTc,25,bd,34.03
8176,Tcde,2,ab,17.54
8182,Te,2,abcd,36.24
8183,beaT,97,cd,40.57
8201,bT,2,acde,18.09
8210,T,11,abcde,284.3
8213,eT,105,abcd,37.9
8215,abeT,26,cd,31.65
8222,edT,120,abc,37.76
8227,edcT,120,ab,173.51
8234,Tcba,119,de,52.12
8240,abcde,1,,
8249,abcde,1,,
8255,edcba,120,,
8261,edT,100,abc,78.66
8271,edcba,120,,
8272,abT,1,cde,125.34
8277,Tde,2,abc,14.55
8279,edcT,115,ab,134.01
8284,T,119,abcde,63.42
8289,edcT,115,ab,26.86
8291,Tcba,119,de,8.39
8299,edcT,120,ab,477.96
8341,aebT,96,cd,94.89
8342,Tde,2,abc,87.51
8349,Tba,89,cde,69.6
8349A,Tcde,2,ab,48.36
8354,Tcde,1,ab,17.8
8358,Tcab,115,de,62.77
8367,Te,73,abcd,50.07
8374,Tade,32,bc,132.92
8383,Tade,32,bc,44.51
8390,abcde,1,,
8401,Te,73,abcd,27.11
8403,edcT,120,ab,29.96
8404,Tcde,1,ab,31.0
8409,eT,40,abcd,22.24
8410,Te,13,abcd,80.06
8411,T,120,abcde,14.1
8415,T,100,abcde,33.88
8416,T,4,abcde,156.92
8420,edT,120,abc,42.09
8421,Te,31,abcd,14.39
8422,T,89,abcde,184.18
8423,Tba,119,cde,22.89
8424,T,119,abcde,69.24
8426,eTc,25,abd,48.9
8429,abcT,1,de,10.26
8431,T,1,abcde,59.63
8432,abTe,1,cd,61.51
8433,T,105,abcde,90.32
8435,Tcde,1,ab,76.53
8436,edcT,120,ab,134.86
8437,eT,110,abcd,30.58
8438,cdbT,73,ae,38.7
8440,Teba,89,cd,46.48
8442,Tba,119,cde,112.58
8443,T,26,abcde,11.88
8444,Tcba,120,de,36.37
8446,Tcde,1,ab,117.78
8450,T,2,abcde,24.82
8454,edcT,120,ab,376.44
8455,Teba,89,cd,32.72
8462,Tba,88,cde,121.88
8463,T,89,abcde,28.04
8464,bTde,2,ac,479.44
8466,Teba,89,cd,56.89
8467,Tcde,1,ab,260.2
8472,edcT,120,ab,26.49
8473,Teba,88,cd,43.77
8477,edcab,115,,
8478,edcba,120,,
8481,T,120,abcde,50.88
8487,edcba,120,,
8488,Ta,120,bcde,16.0
8489,Tde,1,abc,28.8
8499,Tba,120,cde,117.3
8905,T,47,abcde,30.86
8906,dceba,89,,
8908,edcT,120,ab,48.81
8916,Tab,115,cde,57.75
8917,T,7,abcde,61.83
8921,abcde,1,,
8923,Tcab,115,de,19.35
8924,edcT,120,ab,83.03
8926,Tba,119,cde,44.72
8927,Te,42,abcd,63.29
8928,T,49,abcde,32.75
8929,Tcde,1,ab,24.02
8930,Ta,120,bcde,35.7
8931,Ta,120,bcde,49.34
8932,edcab,115,,
8933,edcba,120,,
8935,abcde,1,,
8936,Tcba,120,de,67.79
8937,abcde,1,,
8938,Teba,89,cd,81.01
8940,eTc,105,abd,23.86
8941,Tcba,120,de,70.43
8942,edcT,120,ab,59.75
8996,decba,119,,
9103,Tcab,115,de,6.89
910322,Tcde,2,ab,23.83
9105,abcde,1,,
910861,dTba,89,ce,6.23
911608,Tcba,119,de,3.51
911622,Tba,119,cde,5.29
911868,Te,73,abcd,1.53
912000,dTba,89,ce,3.14
9136,Tcba,120,de,6.6
9802,edcba,120,,
9902,Teba,88,cd,18.42
9904,abcde,1,,
9905,T,120,abcde,23.11
9906,cdeba,88,,
9907,Tcde,1,ab,16.65
9908,edcT,120,ab,30.16
9910,edcT,120,ab,140.57
9911,Teba,89,cd,87.03
9912,T,11,abcde,12.65
9914,Tcba,120,de,216.42
9917,Te,3,abcd,137.02
9918,T,120,abcde,40.83
9919,edcT,120,ab,19.35
9921,Tcba,119,de,211.16
9924,T,78,abcde,54.44
9925,T,1,abcde,41.44
9926,T,120,abcde,53.65
9927,Tcba,120,de,73.14
9928,eTba,120,cd,20.27
9929,Tba,120,cde,16.1
9930,abTe,1,cd,66.23
9931,edT,115,abc,34.57
9933,Tcba,119,de,47.81
9934,Tba,119,cde,17.68
9935,Tcde,1,ab,34.3
9937,T,120,abcde,65.41
9938,abcde,1,,
9939,Teba,89,cd,158.68
9940,Tba,119,cde,31.32
9941,edcT,120,ab,140.57
9941A,T,1,abcde,51.06
9942,edT,120,abc,116.39
9943,edT,120,abc,82.01
9944,Tcab,115,de,20.99
9945,Te,33,abcd,47.03
9946,Tcba,120,de,32.33
9949,cTe,43,abd,24.28
9950,edcT,120,ab,13.8
9951,edcba,120,,
9955,cTe,73,abd,34.45
9958,Tcba,120,de,229.76
9960,T,95,abcde,26.65
9962,edT,120,abc,15.65
