ema1,stockId,ema5,ema13,ema50,ema200
197.1,0050,195.847,193.855,191.8,176.287
77.1,0051,77.459,78.181,79.066,78.499
193.7,0052,192.443,190.668,188.678,172.637
104.1,0053,103.521,102.583,101.972,94.416
28.44,0055,28.603,28.541,28.66,27.54
36.48,0056,36.722,37.055,37.447,37.793
144.15,0057,143.69,142.477,141.127,129.918
19.42,0061,19.523,19.561,19.384,18.21
32.35,1101,32.732,33.094,32.982,33.174
42.2,1102,42.298,43.191,44.159,43.758
17.45,1103,17.651,17.86,17.868,18.041
27.8,1104,28.309,29.109,29.661,30.624
14.5,1108,14.559,14.551,14.658,15.281
18.2,1109,18.287,18.378,18.416,18.515
20.7,1110,20.962,21.178,21.427,21.07
17.95,1201,17.997,18.111,18.129,18.414
41.3,1203,41.296,42.62,44.803,48.127
51.8,1210,52.689,52.869,52.574,53.836
15.7,1213,13.866,12.63,12.313,10.406
96.5,1215,98.115,98.836,98.621,99.299
83.6,1216,84.592,85.542,86.042,82.564
11.75,1217,11.781,11.878,11.959,12.071
20.05,1218,20.315,20.672,20.645,21.31
15.85,1219,16.089,16.55,16.837,17.794
18.3,1220,18.47,17.75,17.23,16.12
61.4,1225,63.278,74.363,88.891,96.964
37.55,1227,37.565,37.673,37.887,38.721
55.0,1229,56.334,57.754,58.937,62.207
126.0,1231,128.651,124.139,119.213,108.223
145.0,1232,145.441,146.22,147.233,146.435
30.45,1233,30.845,31.403,31.845,32.962
41.25,1234,41.402,41.512,41.614,41.543
23.15,1236,23.191,23.221,23.339,23.681
52.0,1240,52.219,52.139,52.217,51.762
135.5,1256,137.071,137.75,142.176,177.788
64.5,1259,64.024,64.848,66.096,69.929
311.0,1264,308.301,305.848,307.215,306.723
149.5,1268,149.947,150.447,151.733,155.288
87.5,1294,84.966,88.595,95.212,112.959
36.8,1301,37.974,41.175,44.225,55.634
33.0,1303,34.087,37.409,39.786,47.971
11.1,1304,11.529,12.53,13.336,15.403
12.35,1305,12.636,13.677,14.658,17.124
37.5,1307,37.861,39.705,39.947,34.896
14.0,1308,14.571,15.759,16.466,18.421
15.05,1309,15.324,16.095,16.917,17.38
10.2,1310,10.407,11.072,11.614,12.893
10.7,1312,10.841,11.325,11.839,13.314
9.25,1313,9.74,10.428,10.862,12.164
7.7,1314,7.828,8.012,8.266,9.174
70.3,1315,70.351,70.423,70.536,71.091
13.95,1316,14.076,14.547,15.251,16.63
113.5,1319,112.797,112.787,110.322,102.927
32.9,1321,33.089,33.327,34.178,36.074
24.95,1323,25.179,25.448,25.828,28.307
12.4,1324,12.492,12.643,12.8,13.602
25.65,1325,26.214,27.087,27.458,28.652
29.55,1326,30.621,33.413,36.103,45.461
25.15,1336,25.794,26.258,25.743,23.624
6.7,1337,6.79,6.925,7.016,7.225
27.5,1338,27.96,29.027,29.998,32.846
54.8,1339,55.373,55.39,56.302,60.123
9.62,1340,9.682,9.854,10.001,10.336
67.3,1341,67.275,67.585,67.691,67.061
105.5,1342,106.153,103.15,100.97,105.894
32.2,1402,33.045,34.266,35.235,34.786
15.35,1409,15.546,15.713,15.76,16.083
36.25,1410,36.355,36.578,36.731,37.098
10.45,1413,10.906,10.707,10.359,9.898
24.1,1414,24.558,23.727,23.22,21.767
12.95,1416,13.112,13.099,13.067,12.63
9.93,1417,9.943,9.984,10.119,10.906
29.4,1418,29.011,29.01,29.996,30.519
45.2,1419,45.317,45.872,46.329,46.717
37.05,1423,37.381,37.599,38.862,37.99
20.0,1432,19.898,19.696,19.364,18.589
19.05,1434,19.333,19.825,20.037,21.576
120.5,1436,121.107,122.99,128.021,130.182
33.95,1437,34.13,34.285,34.467,34.164
52.0,1438,56.264,57.713,59.838,58.927
31.35,1439,31.467,31.244,31.137,29.48
14.9,1440,14.985,15.162,15.366,16.006
14.05,1441,14.067,14.337,14.781,14.56
76.6,1442,76.887,77.404,73.687,62.163
31.8,1443,31.93,32.501,32.733,31.664
9.11,1444,9.187,9.204,9.221,9.527
16.95,1445,16.915,17.09,17.535,19.009
42.1,1446,44.541,49.301,48.685,45.91
7.23,1447,7.363,7.643,7.923,8.447
22.8,1449,23.417,24.196,23.001,20.424
20.3,1451,20.503,20.68,20.528,20.157
15.75,1452,15.843,16.039,16.265,16.649
15.2,1453,15.312,15.658,16.54,18.795
15.55,1454,15.693,16.122,16.653,17.063
9.66,1455,9.66,9.917,10.26,11.422
15.6,1456,15.908,16.85,17.612,18.712
19.9,1457,19.876,19.796,19.811,20.074
9.64,1459,9.716,9.817,9.912,10.092
6.95,1460,6.997,7.089,7.149,7.459
24.95,1463,24.917,24.776,24.501,22.363
17.35,1464,16.862,16.455,15.945,14.671
14.5,1465,14.632,14.769,14.878,14.892
12.3,1466,12.833,13.497,13.42,12.917
10.4,1467,10.485,10.728,10.759,10.979
14.2,1468,14.215,14.42,14.441,14.306
21.05,1470,20.813,20.701,20.762,20.631
13.4,1471,13.827,14.448,14.254,14.593
65.4,1472,65.836,64.286,62.583,62.166
34.35,1473,34.778,35.635,36.19,35.84
12.8,1474,12.837,13.147,13.276,13.107
56.0,1475,56.548,58.205,59.518,58.93
517.0,1476,520.684,531.733,536.719,532.365
315.0,1477,312.883,318.484,332.563,358.265
190.0,1503,192.258,198.818,205.621,212.686
51.6,1504,51.711,51.728,51.032,50.301
12.95,1506,13.061,13.289,13.705,15.246
6.55,1512,6.648,6.929,7.143,8.42
150.0,1513,152.652,157.495,161.251,162.718
98.9,1514,101.034,107.238,112.05,114.111
30.0,1515,30.057,31.181,32.818,38.632
18.05,1516,17.906,17.843,18.296,19.452
14.5,1517,14.617,14.514,14.784,15.717
524.0,1519,530.444,557.082,583.149,609.875
30.5,1521,32.183,34.447,35.796,37.835
61.6,1522,62.427,63.095,62.972,59.357
38.25,1524,38.946,38.567,37.207,34.235
62.2,1525,63.434,64.858,66.209,70.268
24.55,1526,24.71,24.705,25.7,29.393
43.1,1527,43.403,43.431,43.761,43.534
15.15,1528,15.377,16.661,16.851,14.953
23.5,1529,23.658,24.97,26.38,30.039
29.85,1530,29.975,30.703,31.438,31.945
14.15,1531,14.333,15.35,15.345,14.647
31.5,1532,32.272,33.598,35.263,39.069
39.55,1533,39.725,41.315,42.028,44.886
62.4,1535,62.226,62.022,61.991,62.933
65.6,1536,63.153,61.836,60.811,60.227
157.0,1537,158.064,156.78,153.843,146.693
17.0,1538,17.487,17.612,17.731,17.487
22.2,1539,22.483,24.099,25.559,25.864
37.55,1540,36.861,37.899,39.13,33.089
27.4,1541,27.398,27.81,28.933,31.024
103.0,1558,103.161,104.067,105.579,105.545
294.0,1560,294.863,301.869,309.37,287.916
54.1,1563,55.697,57.847,58.952,68.452
199.5,1565,201.874,215.25,214.22,200.6
26.9,1568,27.329,27.831,28.145,28.839
58.7,1569,61.061,59.517,51.634,36.011
28.75,1570,28.61,28.351,28.61,28.459
144.5,1580,145.036,145.746,146.437,147.613
90.0,1582,90.373,92.873,96.516,96.584
60.3,1583,59.833,60.036,60.799,64.617
28.35,1584,28.875,30.685,32.31,34.171
27.65,1586,27.952,29.325,30.347,31.584
33.8,1587,34.772,38.258,40.845,43.346
37.7,1589,37.894,39.024,39.905,44.302
846.0,1590,838.683,835.679,853.21,925.218
54.9,1591,54.547,53.139,51.959,53.528
37.95,1593,37.87,37.789,38.454,43.507
52.0,1595,54.705,55.636,54.945,46.351
98.7,1597,93.25,91.808,92.983,86.339
27.15,1598,27.446,27.921,28.087,29.944
31.4,1599,31.418,31.72,32.007,32.914
35.65,1603,36.321,36.981,37.192,38.768
28.25,1604,28.238,28.293,28.314,28.415
24.4,1605,25.022,26.475,28.394,33.062
26.15,1608,26.396,27.865,29.227,30.491
42.25,1609,43.008,44.582,46.051,46.898
16.1,1611,16.266,16.755,16.917,17.28
34.2,1612,34.545,34.747,34.646,33.738
38.55,1614,38.834,39.237,39.633,40.386
56.2,1615,56.942,58.117,59.366,59.308
19.8,1616,19.965,21.117,21.462,20.537
17.15,1617,17.286,18.115,19.128,20.408
42.5,1618,43.074,44.734,44.928,43.956
14.25,1626,14.258,14.563,14.968,15.729
50.1,1702,50.9,52.484,53.617,54.846
152.0,1707,152.887,154.091,152.487,152.076
36.9,1708,37.559,39.774,40.086,37.372
20.8,1709,21.065,21.598,22.137,22.255
14.5,1710,14.786,15.741,16.525,17.601
21.65,1711,21.808,22.593,23.216,22.175
43.35,1712,43.818,44.321,43.961,42.384
47.05,1713,46.975,47.617,49.152,49.445
8.12,1714,8.201,8.363,8.508,8.926
27.85,1717,28.331,29.314,30.067,30.624
7.65,1718,7.764,7.972,8.019,8.042
62.2,1720,62.894,63.751,64.222,65.798
16.95,1721,17.092,18.055,18.845,17.506
52.9,1722,53.837,55.159,56.281,59.798
92.4,1723,93.821,95.805,97.086,103.266
37.05,1725,37.76,39.593,40.251,38.412
75.4,1726,75.619,76.182,76.877,77.732
30.0,1727,30.365,32.89,34.379,33.045
53.6,1730,53.724,53.665,53.588,54.692
22.95,1731,23.028,23.106,23.243,23.556
27.3,1732,27.459,27.832,28.021,28.386
28.5,1733,28.011,28.297,28.734,30.317
28.65,1734,29.265,30.288,31.114,33.542
20.2,1735,20.256,20.368,21.003,19.915
179.0,1736,187.942,175.262,161.43,122.868
32.2,1737,32.319,32.464,32.944,33.709
16.65,1742,16.779,17.163,17.409,17.437
40.8,1752,41.404,42.557,43.231,46.658
82.3,1760,83.744,86.92,88.321,95.773
33.9,1762,34.599,37.167,39.375,45.984
160.5,1773,160.087,164.102,165.823,160.78
18.1,1776,18.362,18.848,19.467,19.079
93.4,1777,94.326,96.212,96.18,92.787
17.4,1781,17.468,17.576,17.278,16.769
47.3,1783,47.378,45.691,44.564,45.13
83.4,1784,87.003,92.066,94.634,91.409
64.1,1785,65.449,64.311,63.753,57.925
91.3,1786,91.018,93.8,100.167,104.661
139.0,1788,139.184,139.09,138.947,138.953
21.9,1789,22.282,23.093,23.687,25.4
259.0,1795,262.591,272.863,273.063,276.209
46.95,1796,47.522,48.755,49.154,56.351
55.4,1799,56.092,65.223,84.731,101.346
17.9,1802,18.33,19.032,18.745,18.166
17.3,1805,17.552,17.919,18.535,18.623
10.25,1806,10.352,10.394,10.651,11.005
37.35,1808,38.45,40.962,50.863,82.167
19.75,1809,20.056,20.735,21.037,21.579
15.7,1810,16.301,17.017,17.399,18.091
18.75,1813,18.788,19.091,19.288,19.84
28.45,1815,28.347,27.364,25.648,22.523
41.25,1817,41.794,42.576,42.266,40.468
52.2,1903,52.645,53.688,54.464,56.287
19.5,1904,19.96,21.293,22.463,25.555
16.8,1905,17.131,17.795,18.378,20.185
14.4,1906,14.533,14.845,15.01,15.361
29.7,1907,30.04,30.478,30.668,30.635
11.45,1909,11.785,12.313,12.757,13.698
20.0,2002,20.347,21.225,21.757,23.1
68.6,2006,69.771,71.303,72.869,72.543
9.77,2007,9.851,10.065,10.297,10.734
30.3,2008,30.548,31.162,31.298,28.336
37.3,2009,37.906,39.174,40.357,41.314
18.45,2010,18.505,18.469,18.418,18.538
25.6,2012,25.779,25.779,25.728,25.169
51.3,2013,51.579,52.456,52.927,54.632
18.0,2014,18.504,19.422,19.877,21.029
72.5,2015,73.256,75.292,77.73,76.67
10.9,2017,11.047,11.431,11.82,13.132
27.8,2020,28.092,28.578,28.735,30.821
8.83,2022,9.069,9.303,9.54,10.326
15.15,2023,15.195,15.221,15.243,15.38
19.05,2024,19.373,19.943,20.402,21.028
10.8,2025,10.803,10.893,11.044,10.817
30.4,2027,31.57,33.105,33.618,35.527
20.7,2028,21.256,22.195,22.903,24.341
24.3,2029,24.594,24.914,25.239,26.139
17.05,2030,17.089,17.523,17.776,18.121
45.25,2031,46.457,49.132,51.826,55.681
14.1,2032,14.295,14.733,15.025,15.884
23.7,2033,24.291,23.787,23.207,19.56
20.35,2034,20.454,20.488,21.146,23.497
31.6,2035,32.028,32.491,32.577,32.504
16.05,2038,16.25,16.937,17.47,18.527
270.5,2049,255.037,243.606,236.55,225.959
1545.0,2059,1532.695,1481.965,1387.359,1212.181
19.1,2061,19.514,19.723,20.612,21.437
35.15,2062,34.156,33.889,34.394,32.301
32.45,2063,32.582,33.636,35.938,43.763
14.7,2064,14.829,14.99,15.176,15.425
49.8,2065,49.641,50.361,52.832,57.866
90.8,2066,94.059,101.93,105.234,109.742
11.05,2067,11.069,11.045,10.967,11.458
16.45,2069,16.562,17.446,17.698,17.344
74.3,2070,74.823,79.301,81.765,66.404
47.6,2101,48.146,48.69,48.866,48.632
19.05,2102,19.725,20.947,21.407,20.967
20.95,2103,21.403,22.462,23.011,23.482
13.5,2104,13.953,14.811,15.214,16.556
49.45,2105,50.173,50.331,49.693,48.333
27.15,2106,27.543,28.487,29.199,30.719
25.85,2107,25.973,25.884,25.842,25.549
31.6,2108,32.119,33.454,34.62,36.118
18.2,2109,18.18,18.13,18.257,17.867
95.0,2114,94.953,94.975,95.337,99.379
30.8,2115,30.765,30.924,31.081,31.162
50.7,2201,51.881,54.593,55.764,61.536
75.5,2204,77.706,79.599,78.66,92.216
68.9,2206,69.142,69.993,70.857,72.989
610.0,2207,611.303,620.35,630.997,641.284
15.5,2208,15.714,16.376,16.838,17.891
109.5,2211,106.301,103.265,105.988,112.495
29.2,2221,29.304,29.133,29.102,30.837
77.0,2227,79.392,87.898,96.931,124.327
100.0,2228,101.077,103.588,105.944,104.423
119.0,2230,135.065,150.414,156.642,156.359
102.5,2231,103.166,103.461,103.01,111.462
190.5,2233,182.151,176.727,170.036,150.799
46.2,2235,46.963,47.786,48.259,48.286
124.5,2236,125.729,124.131,120.05,100.537
37.45,2239,37.451,38.864,40.805,48.248
27.1,2241,27.857,29.612,30.918,34.366
16.6,2243,16.939,18.317,20.066,20.682
296.5,2247,297.158,293.242,292.309,297.068
93.9,2250,91.338,91.843,93.428,95.046
81.9,2254,82.215,82.839,82.821,84.201
40.45,2258,40.308,40.861,41.601,43.474
99.8,2301,101.495,103.344,103.535,104.795
18.15,2302,18.474,18.817,18.506,18.072
42.55,2303,42.344,43.957,46.333,50.044
14.6,2305,15.023,16.329,17.557,20.522
419.5,2308,418.211,403.185,397.092,371.898
27.25,2312,27.173,28.018,26.943,22.192
70.2,2313,67.551,64.47,65.073,68.578
31.7,2314,31.353,31.025,30.78,31.748
47.7,2316,48.413,50.472,50.968,47.774
183.0,2317,185.885,195.212,197.974,178.332
10.8,2323,10.923,11.323,11.631,11.947
37.05,2324,37.589,37.693,36.831,35.03
527.0,2327,524.786,533.435,557.649,602.712
38.85,2328,38.159,37.906,37.424,36.528
34.4,2329,34.817,35.983,37.582,45.232
1075.0,2330,1070.811,1052.914,1035.659,918.07
21.7,2331,22.114,23.245,23.976,26.959
21.35,2332,21.225,21.145,20.556,19.401
20.5,2337,20.674,21.47,22.72,25.843
50.1,2338,50.883,53.133,55.394,63.287
28.15,2340,28.802,30.563,32.495,37.107
32.3,2342,33.057,33.976,33.661,33.158
14.9,2344,14.995,16.254,17.847,21.98
740.0,2345,732.327,685.955,634.602,548.393
71.4,2347,72.307,73.665,73.448,73.203
186.0,2348,184.135,176.672,178.067,182.49
14.2,2349,14.344,14.926,15.124,13.28
94.9,2351,95.703,100.44,108.948,117.739
35.0,2352,35.692,36.653,36.856,38.341
36.45,2353,37.192,38.192,39.3,41.854
78.0,2354,79.597,82.114,79.762,69.468
39.55,2355,39.344,39.116,39.539,41.662
49.65,2356,49.553,49.57,48.715,49.015
595.0,2357,602.191,602.41,592.757,524.329
163.0,2359,152.821,143.931,143.777,127.84
403.0,2360,405.323,414.813,407.116,339.551
52.2,2362,53.267,55.345,56.335,52.671
73.0,2363,72.158,72.123,72.08,62.984
79.1,2364,79.729,82.894,86.633,92.878
42.4,2365,41.187,42.662,45.337,41.073
31.9,2367,31.364,31.457,31.835,30.797
234.0,2368,228.174,205.642,199.138,200.827
17.15,2369,17.399,18.039,18.568,20.093
45.3,2371,45.656,46.689,46.918,48.52
64.5,2373,65.437,66.561,67.248,70.156
56.6,2374,53.125,49.3,48.467,44.506
69.0,2375,69.168,69.686,68.215,67.058
268.0,2376,268.227,275.055,275.265,276.405
172.0,2377,170.732,172.577,174.124,174.533
545.0,2379,533.55,511.073,502.009,500.312
4.55,2380,4.674,5.053,5.522,6.542
275.0,2382,280.979,290.957,291.993,273.135
599.0,2383,589.002,527.393,489.547,445.424
143.0,2385,145.832,151.199,155.281,163.201
61.9,2387,62.216,62.364,60.844,58.445
103.0,2388,103.645,106.517,111.682,119.511
11.7,2390,11.874,12.476,12.839,13.287
73.4,2392,72.188,74.251,72.026,64.303
80.5,2393,80.663,79.334,79.104,72.145
351.5,2395,352.279,347.696,340.987,347.391
75.2,2397,75.436,76.528,77.137,74.812
27.5,2399,28.173,30.268,31.224,27.399
27.95,2401,27.982,28.561,29.198,30.662
37.7,2402,38.024,39.729,40.548,38.69
474.0,2404,463.645,433.268,399.453,351.441
19.95,2405,20.089,20.555,20.595,20.005
15.1,2406,15.525,16.571,17.573,19.297
30.75,2408,30.388,33.493,37.869,51.716
15.15,2409,15.513,15.769,16.08,16.857
123.5,2412,123.493,123.52,123.418,122.921
23.65,2413,24.598,25.934,25.38,24.875
36.95,2414,37.244,37.852,37.448,36.514
28.85,2415,29.063,28.553,27.783,27.313
45.0,2417,42.839,41.283,41.558,41.385
29.55,2419,29.972,31.963,32.293,31.863
62.0,2420,62.468,65.474,67.747,64.214
98.7,2421,99.948,101.069,100.426,102.26
40.7,2423,41.764,42.495,42.027,40.486
35.65,2425,36.204,38.404,39.844,40.294
21.5,2426,22.043,22.775,22.651,20.855
25.85,2427,26.329,26.526,26.648,26.876
155.0,2428,155.775,158.549,162.084,164.91
31.2,2429,31.518,30.353,29.788,27.153
30.75,2430,31.108,31.561,32.16,34.601
13.9,2431,14.196,15.269,15.356,13.817
30.85,2432,31.21,32.536,33.57,36.155
50.0,2433,50.068,50.248,50.397,51.165
31.3,2434,31.407,31.608,31.806,32.319
57.1,2436,56.511,55.935,56.315,58.976
35.4,2438,36.381,38.906,41.928,41.289
105.0,2439,105.615,107.043,110.527,116.11
12.5,2440,12.671,12.998,13.487,14.447
57.2,2441,57.508,57.469,57.703,59.141
24.3,2442,24.697,25.274,25.899,27.424
16.4,2444,16.555,16.881,16.123,14.424
109.5,2449,114.146,121.371,122.764,110.726
32.95,2450,33.537,34.436,34.882,36.295
90.2,2451,91.523,92.9,94.945,95.813
56.9,2453,57.378,56.18,55.639,56.794
1425.0,2454,1391.399,1331.049,1296.704,1196.421
175.0,2455,168.07,163.546,158.809,152.227
37.7,2457,38.484,40.22,40.404,45.366
152.5,2458,152.847,151.335,149.597,148.047
69.8,2459,69.88,70.278,70.642,69.715
24.05,2460,24.609,25.426,26.279,28.516
19.8,2461,19.993,20.67,21.223,22.514
25.9,2462,26.362,27.387,28.544,31.843
78.6,2464,76.929,76.25,77.176,69.124
71.0,2465,72.469,74.762,79.05,90.022
37.9,2466,37.232,35.693,35.262,35.829
214.0,2467,209.015,210.202,211.91,177.332
26.8,2468,26.985,24.757,24.046,25.368
52.5,2471,54.685,52.101,50.668,52.171
80.9,2472,81.446,80.974,79.039,76.218
176.5,2474,180.989,194.976,208.005,215.148
83.9,2476,84.608,87.095,89.187,87.962
28.85,2477,29.338,30.834,31.046,27.036
46.1,2478,46.445,47.022,47.815,48.979
131.5,2480,133.114,131.407,128.848,123.837
49.85,2481,50.648,51.952,53.373,56.739
25.9,2482,26.247,27.552,28.744,33.026
21.7,2483,21.78,22.089,22.538,23.653
25.55,2484,26.077,26.954,27.68,30.058
15.35,2485,15.739,16.581,17.121,18.837
108.0,2486,113.448,116.234,115.311,98.802
57.3,2488,57.432,55.876,53.394,48.109
18.9,2489,18.971,19.6,20.228,19.03
11.35,2491,11.624,12.243,12.832,13.845
92.2,2492,93.469,96.257,99.093,105.801
96.7,2493,97.38,102.529,103.161,94.314
31.15,2495,31.551,33.89,34.29,30.428
82.0,2496,81.33,78.79,77.317,72.555
60.1,2497,60.892,64.466,67.897,66.495
42.1,2498,42.295,43.719,44.385,45.664
24.35,2501,24.719,25.083,25.358,25.7
51.4,2504,52.06,53.163,53.269,47.629
21.35,2505,21.64,22.089,22.489,23.849
11.15,2506,11.283,11.587,11.504,11.233
16.75,2509,16.844,17.247,18.206,19.975
10.5,2511,10.564,10.68,10.733,11.123
19.9,2514,20.035,20.557,20.948,20.575
10.9,2515,11.029,11.117,11.382,12.646
12.85,2516,13.061,13.155,12.875,12.067
52.5,2520,54.98,56.119,54.355,50.933
68.1,2524,69.224,73.853,79.528,73.271
36.6,2527,37.265,37.312,36.731,37.311
38.05,2528,38.587,39.291,39.663,40.718
39.0,2530,39.328,40.19,40.84,41.928
26.0,2534,26.598,26.73,26.516,25.444
53.4,2535,53.855,52.197,51.465,50.82
31.0,2536,31.35,31.157,31.009,31.54
12.55,2537,12.958,13.785,14.874,15.981
15.0,2538,15.293,15.818,16.301,16.926
50.2,2539,51.032,52.128,53.322,58.733
87.3,2540,87.382,89.101,98.65,123.915
45.05,2542,45.968,45.901,45.847,46.785
71.0,2543,70.034,73.514,76.856,63.257
62.7,2545,64.766,68.522,66.886,59.344
70.0,2546,71.593,73.621,74.704,80.161
11.0,2547,11.057,10.69,10.421,10.301
118.5,2548,118.149,119.738,123.288,128.915
39.4,2596,40.245,40.078,39.484,37.619
153.5,2597,150.81,146.125,145.559,150.001
7.24,2601,7.34,7.586,7.695,7.879
231.0,2603,228.952,225.817,217.301,191.493
25.65,2605,25.678,26.444,26.791,26.623
56.1,2606,56.952,58.049,57.343,54.851
31.55,2607,31.071,31.059,31.009,31.134
39.1,2608,39.175,39.468,39.601,39.759
78.7,2609,79.015,76.462,73.023,64.962
26.2,2610,26.13,25.422,24.171,22.434
21.8,2611,22.063,22.504,22.986,23.34
40.75,2612,41.162,42.665,43.356,44.289
33.9,2613,33.985,33.767,33.532,31.374
16.95,2614,17.138,17.79,18.302,19.514
82.2,2615,81.987,85.225,86.218,77.127
17.4,2616,18.033,19.246,19.95,23.155
29.5,2617,29.857,30.858,31.423,32.647
44.45,2618,44.546,43.335,41.077,36.767
32.5,2630,32.141,31.951,32.195,34.309
28.25,2633,28.212,28.425,28.725,29.415
43.65,2634,43.215,43.673,44.747,48.419
78.3,2636,78.794,80.969,83.509,88.277
67.6,2637,68.548,72.336,73.107,68.31
130.0,2640,127.341,121.607,118.879,116.478
18.25,2641,18.429,18.894,19.078,19.474
35.55,2642,35.967,36.781,36.945,37.48
75.2,2643,74.954,74.361,74.284,75.464
93.7,2645,93.781,94.123,94.87,100.189
28.05,2646,28.089,28.109,28.629,29.908
12.65,2701,12.594,12.67,12.705,12.798
16.35,2702,16.211,16.596,16.976,18.368
56.0,2704,56.332,57.32,58.526,59.844
17.65,2705,17.516,17.495,17.608,18.154
14.7,2706,14.604,14.724,14.836,15.131
194.0,2707,191.632,193.023,196.249,208.7
24.5,2712,24.685,24.856,25.39,28.443
84.3,2718,85.776,89.44,93.336,93.415
41.8,2719,39.82,41.192,44.059,51.932
33.05,2722,32.874,34.32,36.814,45.312
100.5,2723,98.985,95.973,92.974,92.102
36.2,2724,36.861,36.957,36.241,31.435
29.8,2726,29.32,27.921,28.072,28.62
239.0,2727,237.907,236.152,233.859,233.28
204.0,2729,202.327,201.431,202.321,215.637
122.5,2731,121.626,123.213,126.684,135.447
103.5,2732,103.298,103.111,103.133,109.843
29.2,2734,28.654,29.595,29.688,33.161
19.15,2736,18.723,18.755,18.998,22.034
52.8,2739,51.734,51.762,53.389,56.251
22.35,2740,24.553,27.367,28.817,35.535
98.0,2743,95.158,95.833,100.233,115.708
106.5,2745,103.098,100.582,98.91,97.475
60.9,2748,60.653,60.925,60.481,64.659
67.3,2751,67.462,68.18,69.041,71.898
242.5,2752,240.729,239.669,244.49,257.3
150.0,2753,149.973,149.367,150.567,158.168
88.5,2754,87.868,87.921,90.032,101.409
106.5,2755,104.34,101.374,99.691,100.264
76.3,2756,76.628,78.163,79.698,85.276
95.9,2762,95.925,95.938,95.125,96.595
17.8,2801,17.872,17.831,17.81,17.924
50.0,2809,49.489,49.276,50.352,51.576
19.05,2812,19.175,18.823,18.483,17.758
31.75,2816,31.824,31.985,32.273,32.563
15.25,2820,15.269,15.167,15.083,15.036
29.3,2832,29.383,29.058,28.731,27.772
14.85,2834,15.011,15.107,15.32,15.669
11.55,2836,11.601,11.661,11.726,11.904
15.5,2838,15.513,15.499,15.424,15.296
13.55,2845,13.594,13.59,13.642,13.977
14.2,2849,14.199,14.405,14.504,14.519
105.5,2850,104.325,101.95,99.922,91.19
25.9,2851,25.922,26.01,26.101,25.657
24.75,2852,25.108,24.881,24.222,22.612
26.05,2855,26.381,26.675,26.63,25.57
6.4,2867,6.449,6.648,6.879,6.759
26.55,2880,26.889,26.544,26.156,25.181
92.5,2881,92.868,91.586,90.904,83.083
68.6,2882,69.164,68.445,67.605,60.733
18.05,2883,18.07,17.728,17.312,15.71
27.55,2884,27.471,27.456,27.534,27.343
34.85,2885,34.979,34.276,33.467,31.387
39.2,2886,39.435,39.627,39.569,39.438
17.5,2887,17.501,17.45,17.559,17.998
11.95,2888,11.946,11.803,11.721,10.788
15.2,2889,15.084,14.854,14.876,14.584
23.2,2890,23.476,23.582,23.611,23.073
39.9,2891,39.649,38.589,37.443,34.59
27.75,2892,27.83,27.678,27.51,27.473
9.78,2897,9.824,9.866,9.911,10.02
23.65,2903,23.895,24.659,25.585,27.402
17.9,2904,17.988,18.076,18.185,18.527
15.65,2905,15.783,16.169,16.725,16.644
17.2,2906,17.423,17.735,18.069,19.021
20.0,2908,20.078,20.181,20.275,20.46
26.25,2910,26.09,25.936,25.994,26.874
8.51,2911,8.632,8.813,8.912,8.1
264.5,2912,267.101,270.846,275.841,277.704
20.45,2913,20.683,20.794,20.851,21.172
71.9,2915,74.311,76.609,77.084,72.854
49.2,2916,49.118,48.837,48.885,50.544
28.15,2923,28.54,29.634,30.229,29.384
27.7,2924,30.65,32.993,33.967,31.548
47.95,2926,48.647,49.876,51.376,56.045
15.1,2929,15.439,14.823,13.598,11.504
38.3,2937,37.459,36.589,36.108,34.919
32.35,2939,32.607,33.171,32.779,29.976
61.5,2941,60.923,66.257,72.102,82.398
41.2,2945,41.074,41.356,41.549,42.498
83.5,2947,84.157,84.083,84.048,84.441
14.4,3002,14.469,14.679,14.895,14.931
74.1,3003,74.549,76.594,78.53,78.715
90.6,3004,91.2,91.422,91.488,95.2
104.0,3005,105.797,107.006,108.498,107.432
62.8,3006,62.584,64.102,66.955,77.821
2525.0,3008,2515.817,2469.295,2477.049,2514.531
129.0,3010,127.698,125.097,124.87,122.55
26.05,3011,26.033,26.168,26.959,28.934
139.0,3013,141.663,145.563,144.038,111.183
143.0,3014,143.146,143.54,143.227,148.389
59.3,3015,60.398,63.076,62.401,59.229
46.55,3016,47.916,50.972,53.675,58.387
651.0,3017,666.344,673.149,659.16,597.213
27.5,3018,28.351,29.434,29.456,23.903
144.5,3019,131.022,117.512,112.654,95.292
28.85,3021,29.594,31.62,31.328,27.349
76.8,3022,77.841,78.993,78.768,79.864
258.0,3023,259.693,260.655,267.775,283.803
19.35,3024,19.874,20.247,19.925,19.544
74.0,3025,75.802,76.967,75.513,68.183
85.0,3026,86.394,88.735,89.586,92.274
29.1,3027,29.988,32.551,33.879,37.443
30.05,3028,30.077,30.675,31.243,32.765
140.5,3029,147.898,132.417,118.017,95.526
124.5,3030,122.894,127.911,133.11,127.586
20.25,3031,20.593,21.244,21.339,20.696
91.0,3032,91.77,85.972,78.977,72.369
34.1,3033,34.047,34.549,34.717,34.209
480.0,3034,482.127,486.075,495.932,522.222
245.0,3035,235.741,230.95,239.495,278.378
104.0,3036,105.257,108.865,110.111,114.506
141.5,3037,142.648,150.041,153.791,163.635
25.85,3038,26.115,26.68,26.712,28.398
47.95,3040,47.792,47.488,45.878,39.191
40.15,3041,36.017,30.765,27.202,23.862
102.5,3042,103.512,106.39,108.873,108.569
42.2,3043,42.206,39.292,36.173,34.206
194.5,3044,193.773,192.283,193.01,195.514
116.0,3045,115.364,114.08,113.556,108.834
49.5,3046,50.445,53.319,55.169,59.806
30.25,3047,30.51,32.405,34.023,30.678
30.65,3048,30.507,32.17,34.661,34.839
9.46,3049,9.662,10.335,10.608,9.922
17.6,3050,17.728,18.459,19.063,19.982
31.3,3051,32.42,32.291,31.763,31.615
11.55,3052,11.738,11.897,12.007,12.39
23.2,3054,23.181,22.797,22.437,21.437
62.0,3055,63.242,66.156,68.288,68.722
32.2,3056,33.187,33.829,33.646,33.533
11.5,3057,11.715,11.976,12.253,12.726
15.45,3058,15.742,16.591,17.156,18.523
32.05,3059,30.755,31.634,32.843,35.532
24.0,3060,23.425,23.845,24.879,25.784
31.0,3062,31.578,32.844,33.433,30.166
76.0,3064,75.521,75.677,76.792,67.476
22.4,3066,22.92,25.023,26.328,24.971
26.35,3067,26.947,28.548,29.957,32.995
27.3,3071,27.984,29.033,29.839,32.458
58.9,3073,60.833,63.257,66.711,60.119
67.2,3078,67.907,66.403,65.393,69.035
356.5,3081,358.655,353.17,331.621,230.061
43.3,3083,43.724,44.619,45.051,46.723
24.0,3085,24.32,24.196,22.596,17.755
157.0,3086,160.146,165.931,177.442,164.864
103.5,3088,106.187,106.256,102.718,94.918
68.0,3090,69.1,69.645,67.241,63.576
29.2,3092,29.734,30.716,31.003,31.89
26.55,3093,26.868,27.392,27.955,29.187
28.6,3094,28.957,29.681,30.34,31.909
41.95,3095,41.42,41.584,44.865,45.637
112.5,3105,112.147,115.372,120.22,135.497
25.95,3114,26.19,26.64,26.615,27.05
32.3,3118,32.371,32.237,32.286,32.314
32.95,3122,32.336,31.952,33.565,38.412
27.65,3128,27.763,27.958,28.167,29.686
221.5,3130,221.476,220.904,221.896,224.157
1840.0,3131,1791.645,1743.126,1726.853,1439.139
107.0,3138,108.043,107.88,109.882,121.557
75.6,3141,77.569,81.632,83.817,87.176
154.5,3147,154.026,144.724,143.124,132.644
30.9,3149,31.306,32.936,34.042,29.976
34.5,3150,34.0,33.39,34.451,38.684
177.0,3152,178.531,174.842,173.063,187.917
38.25,3162,39.887,40.246,39.05,38.065
125.0,3163,126.67,130.755,137.571,131.541
19.95,3164,20.069,20.351,20.966,22.432
109.0,3167,109.915,117.93,121.878,95.421
45.5,3168,46.173,47.538,49.627,56.159
111.5,3169,109.286,103.532,104.038,112.778
35.5,3171,35.75,36.306,35.649,30.27
32.0,3176,32.277,33.943,35.24,38.211
61.2,3178,63.954,68.463,72.871,87.352
27.2,3188,27.598,28.103,29.756,30.654
93.2,3189,95.796,97.374,100.244,102.318
18.65,3191,18.485,18.445,18.364,17.778
7.0,3202,7.046,7.906,10.275,13.724
32.75,3205,33.08,34.175,35.444,39.304
41.8,3206,41.902,42.653,44.088,46.037
93.5,3207,95.096,103.782,114.308,121.704
34.7,3209,34.953,36.317,37.214,36.86
177.5,3211,187.803,184.096,158.895,117.259
85.1,3213,85.852,87.415,90.262,92.54
158.0,3217,157.539,154.814,153.102,153.658
202.0,3218,205.752,211.984,218.278,243.947
46.35,3219,47.595,49.999,51.405,50.677
25.4,3221,25.654,25.588,25.831,27.007
50.8,3224,50.387,49.86,49.154,46.441
46.6,3226,47.294,48.619,49.989,53.903
247.0,3227,239.807,230.352,228.603,198.708
203.0,3228,207.825,216.124,227.459,277.278
18.3,3229,18.305,18.911,19.998,20.754
54.7,3230,55.092,55.53,53.324,36.193
108.5,3231,110.49,114.075,112.851,107.616
22.9,3232,23.149,24.527,25.585,26.914
46.05,3234,47.592,50.308,49.268,43.434
20.7,3236,21.092,22.117,22.007,21.892
19.9,3252,19.981,20.045,20.139,20.605
52.0,3257,53.207,58.688,60.03,61.014
22.0,3259,22.397,24.344,25.707,27.398
78.3,3260,79.935,84.789,87.145,92.88
50.7,3264,52.161,54.124,56.144,63.28
112.5,3265,113.028,109.777,109.422,110.546
18.6,3266,18.889,19.141,19.507,20.316
23.4,3268,23.584,24.262,24.837,25.839
28.65,3272,28.705,29.486,30.027,31.04
15.6,3276,15.722,15.956,16.2,17.447
29.6,3284,30.451,32.353,35.091,35.902
27.35,3285,26.885,27.461,27.964,27.679
33.3,3287,33.617,34.56,35.76,37.365
22.3,3288,22.43,23.396,24.307,25.952
139.5,3289,139.52,145.93,153.447,144.051
31.1,3290,31.467,33.424,34.036,31.279
1000.0,3293,997.977,994.033,989.155,954.25
26.8,3294,27.394,28.54,29.572,31.223
31.8,3296,33.494,31.296,29.382,25.891
20.65,3297,21.338,22.357,23.443,23.739
51.6,3303,52.571,55.774,57.241,49.639
66.1,3305,66.27,65.864,66.699,67.7
50.9,3306,51.872,53.397,54.563,54.506
23.3,3308,23.658,24.348,24.541,27.211
91.9,3310,91.07,88.118,87.246,91.269
34.55,3311,35.012,35.942,36.557,37.698
54.3,3312,56.887,59.868,63.885,61.597
14.85,3313,15.193,15.648,16.167,17.232
47.7,3317,49.034,50.149,49.919,51.598
15.85,3321,15.944,16.142,16.752,17.575
16.6,3322,16.929,17.615,18.374,20.617
32.85,3323,34.533,35.886,32.613,28.673
662.0,3324,676.512,687.716,682.377,643.066
19.4,3325,19.873,21.255,22.207,26.331
63.9,3338,65.193,68.508,69.309,70.561
38.45,3339,38.76,40.06,40.505,37.836
34.85,3346,35.925,37.466,38.01,40.728
18.9,3349,19.249,21.44,23.199,23.751
21.65,3354,22.246,23.984,24.908,23.409
55.6,3356,56.292,58.297,60.159,59.566
117.5,3357,118.504,120.088,122.717,124.358
14.95,3360,15.103,15.874,16.485,16.278
198.0,3362,198.347,205.056,214.336,217.683
236.5,3363,233.781,221.284,212.767,167.931
14.85,3372,15.228,16.15,16.976,17.896
19.9,3373,20.462,21.399,22.064,23.516
204.0,3374,201.556,201.73,207.264,188.625
182.5,3376,187.457,191.826,192.062,186.346
33.55,3379,32.309,32.109,33.088,29.571
34.2,3380,34.579,35.749,35.649,35.139
69.7,3388,70.201,70.642,70.98,72.323
26.5,3390,26.548,27.532,28.644,29.4
102.0,3402,102.649,103.595,104.047,98.39
463.5,3406,457.889,452.9,460.804,477.933
310.5,3413,309.875,315.958,325.282,310.078
148.0,3416,150.491,150.572,147.32,140.697
17.0,3419,17.341,17.964,17.782,17.624
48.05,3426,48.146,48.047,48.619,46.201
58.7,3430,59.435,62.499,65.714,61.672
15.4,3432,16.466,18.064,19.481,20.633
29.5,3434,29.37,28.543,28.299,28.697
21.45,3437,21.965,23.137,24.122,25.518
64.6,3438,66.186,69.172,71.473,74.171
35.15,3441,35.217,36.222,37.016,37.612
1485.0,3443,1370.277,1270.601,1236.472,1288.929
77.8,3444,79.213,81.578,83.899,93.743
60.4,3447,62.043,70.08,68.364,50.949
236.0,3450,241.075,241.305,228.391,159.463
113.0,3454,114.654,122.396,124.076,132.885
118.5,3455,117.564,122.865,126.305,114.667
52.7,3465,52.4,53.063,55.848,63.859
63.3,3466,63.114,64.594,65.98,61.074
90.0,3479,93.003,96.851,99.702,105.538
15.0,3481,15.287,15.417,15.45,14.968
151.5,3483,155.554,156.627,158.13,160.383
57.4,3484,57.547,55.951,55.613,53.237
25.0,3489,25.745,25.866,25.738,25.146
29.45,3490,30.021,32.343,33.443,32.692
314.0,3491,324.648,316.096,312.766,276.946
24.6,3492,25.677,27.043,27.62,25.426
16.1,3494,16.198,14.55,11.955,8.549
56.2,3498,55.922,56.434,57.363,49.695
21.05,3499,21.816,22.559,22.298,21.525
60.4,3501,61.175,62.725,63.875,64.107
52.5,3504,53.199,55.699,56.449,58.563
25.3,3508,25.837,26.528,26.654,27.077
36.5,3511,37.952,39.615,37.656,31.801
29.9,3512,30.141,30.537,31.578,34.55
249.5,3515,243.654,236.846,227.969,220.496
24.0,3516,24.148,25.383,25.986,24.753
26.0,3518,26.005,27.44,29.088,31.309
19.7,3520,20.155,21.518,21.754,20.748
19.0,3521,19.321,19.209,18.678,19.045
24.0,3522,25.217,24.76,24.087,21.604
20.0,3523,20.488,21.104,21.942,20.882
266.5,3526,269.772,275.586,271.945,243.727
68.0,3527,68.679,71.797,74.895,84.844
51.1,3528,51.216,51.231,51.33,51.15
3380.0,3529,3265.371,3116.437,3019.952,2685.145
86.9,3530,87.325,90.028,92.212,95.332
103.5,3532,106.948,113.061,119.713,141.424
1895.0,3533,1909.229,1851.743,1754.981,1511.566
50.9,3535,50.952,52.0,54.425,48.397
54.0,3537,55.076,56.704,57.52,54.394
35.3,3540,36.179,37.273,37.619,40.117
30.85,3541,30.207,29.344,29.3,31.781
21.8,3543,21.918,22.039,22.266,22.659
90.7,3545,89.019,88.309,86.958,86.354
77.0,3546,77.338,77.858,78.526,80.621
176.5,3548,184.37,187.071,179.82,180.837
18.3,3550,18.466,19.628,20.738,19.08
121.5,3551,120.321,125.397,124.828,110.661
93.8,3552,95.499,98.099,96.376,103.405
32.0,3555,31.98,32.251,32.917,34.057
43.85,3556,44.534,46.176,47.312,50.722
76.3,3557,76.863,75.616,74.28,71.308
196.0,3558,201.163,201.402,188.709,188.363
397.5,3563,408.469,399.842,384.751,350.79
74.2,3564,76.332,79.182,82.581,79.703
31.0,3567,31.424,32.163,32.879,35.992
173.5,3570,174.785,171.709,164.257,156.709
10.1,3576,10.233,10.528,10.867,12.12
60.5,3577,60.737,61.01,61.669,62.978
83.8,3580,84.753,92.365,95.488,84.307
52.4,3581,54.074,58.739,59.668,48.165
421.5,3583,419.414,430.644,435.926,382.084
246.5,3587,248.343,255.734,261.82,265.64
68.7,3588,69.248,72.099,74.848,79.152
24.85,3591,25.662,25.758,25.7,25.682
376.5,3592,372.184,368.625,361.304,373.485
7.31,3593,7.531,8.345,10.244,12.523
51.0,3594,49.905,47.605,45.438,44.245
167.5,3596,167.91,169.429,165.296,159.297
38.6,3597,40.019,42.713,39.571,31.022
51.2,3605,51.62,52.313,52.752,47.972
18.7,3607,19.362,19.547,19.855,19.199
39.85,3609,38.881,37.978,38.243,39.892
203.0,3611,203.743,206.877,211.233,219.397
27.85,3615,28.443,31.057,32.033,29.374
359.0,3617,353.145,345.515,331.065,287.387
60.8,3622,62.096,66.466,66.788,62.201
23.2,3623,23.776,25.153,26.258,28.252
43.15,3624,44.14,46.422,48.015,50.916
17.5,3625,17.828,17.128,15.401,13.925
45.95,3628,46.429,46.63,45.55,45.256
19.1,3629,19.949,21.402,23.028,28.099
25.0,3630,24.811,25.753,26.385,28.573
37.9,3631,40.118,41.184,42.171,41.477
13.2,3632,13.398,13.824,14.046,14.173
41.3,3645,41.816,42.653,43.834,44.441
28.0,3646,28.599,29.313,29.631,29.827
36.9,3652,36.875,38.328,39.616,38.303
1515.0,3653,1497.135,1478.246,1447.5,1204.77
3320.0,3661,2991.263,2576.821,2408.07,2521.39
72.0,3663,72.632,77.666,81.723,70.983
23.6,3664,23.24,23.024,23.436,24.99
676.0,3665,686.274,653.267,586.78,430.875
30.0,3666,29.336,30.147,31.151,32.021
41.85,3669,41.376,41.793,43.039,46.407
20.2,3672,20.359,20.886,21.109,22.148
37.85,3673,38.727,40.221,41.103,40.508
232.5,3675,235.816,250.828,264.606,282.588
131.5,3679,132.329,132.1,131.856,127.544
507.0,3680,509.611,511.713,520.138,486.193
16.2,3685,16.332,16.744,17.156,18.501
19.6,3686,19.902,20.781,21.729,21.412
89.8,3687,91.572,96.182,98.048,97.593
105.0,3689,101.35,93.482,90.548,80.284
78.2,3691,79.871,84.467,90.489,106.089
330.5,3693,336.971,354.801,354.401,364.317
45.2,3694,47.691,47.585,45.756,44.603
37.85,3701,38.299,39.443,40.408,46.409
68.5,3702,69.621,71.092,73.365,78.274
29.35,3703,29.74,30.043,30.291,31.307
38.5,3704,39.367,40.385,39.9,40.687
53.4,3705,54.171,55.491,55.991,53.678
74.6,3706,78.006,77.631,68.256,52.649
45.3,3707,47.446,50.405,52.556,59.349
93.0,3708,92.967,97.205,102.569,112.512
30.3,3709,31.44,31.228,30.613,27.992
11.0,3710,11.436,12.095,12.338,11.594
158.0,3711,158.399,156.658,156.043,151.36
62.6,3712,63.071,64.308,61.149,53.032
21.35,3713,21.747,22.394,22.833,24.002
42.6,3714,43.01,44.713,44.963,44.129
63.7,3715,63.871,64.148,65.297,65.631
35.55,3716,36.368,37.363,37.988,39.888
30.4,4102,30.541,31.653,33.283,35.946
86.3,4104,86.737,86.967,87.219,88.281
72.6,4105,73.344,74.085,74.0,75.426
24.5,4106,24.368,24.591,24.952,26.513
121.5,4107,122.083,124.444,125.868,125.499
16.1,4108,16.271,16.511,16.914,18.577
21.9,4109,22.323,23.754,25.018,24.82
27.95,4111,27.952,27.538,27.104,27.003
28.75,4113,29.315,30.224,32.047,37.397
32.55,4114,32.9,34.063,35.203,37.704
46.95,4116,47.792,48.739,49.576,53.08
90.2,4119,91.422,93.767,93.04,92.185
47.25,4120,48.112,48.642,48.739,46.341
15.3,4121,15.833,16.607,17.263,20.079
42.25,4123,42.781,45.55,46.834,47.475
92.5,4126,91.868,90.597,89.694,88.553
40.45,4127,39.693,38.252,37.156,33.079
34.25,4128,35.235,37.167,38.113,41.573
93.3,4129,94.124,96.196,96.948,94.93
21.15,4130,21.373,21.734,22.016,23.45
27.9,4133,28.197,28.739,29.248,31.025
112.5,4137,114.717,118.962,125.929,150.299
91.0,4138,91.416,92.514,93.141,99.376
30.0,4139,29.97,30.006,30.251,31.417
19.65,4142,20.228,21.49,22.999,26.724
82.0,4147,83.359,83.672,82.429,84.045
47.0,4148,47.345,49.069,49.135,48.903
39.65,4153,39.91,40.998,42.261,42.43
16.4,4154,17.04,17.899,18.04,17.049
21.2,4155,21.24,21.995,22.818,24.581
11.25,4157,11.457,12.099,12.812,14.096
72.7,4160,76.191,81.866,85.347,80.831
32.7,4161,33.111,33.326,33.724,33.952
86.7,4162,88.37,92.681,93.495,93.874
115.0,4163,114.0,113.926,114.224,117.456
41.1,4164,41.016,41.131,41.977,47.709
19.85,4167,19.971,20.429,20.894,21.409
24.9,4168,24.569,24.712,25.131,26.372
26.3,4171,26.817,28.169,29.047,32.407
21.3,4173,21.379,21.095,20.968,21.281
58.2,4174,59.025,61.576,64.354,68.01
63.1,4175,64.451,67.031,68.54,73.85
22.6,4183,22.684,22.984,23.284,23.364
21.4,4188,21.643,21.731,21.875,23.578
46.4,4190,46.821,48.394,49.385,52.043
34.55,4192,35.094,35.831,36.981,39.223
31.5,4198,31.1,31.716,32.745,34.71
88.0,4205,88.027,88.306,88.831,92.286
16.15,4207,16.182,16.291,16.501,17.078
50.2,4303,49.277,49.78,49.06,44.161
10.0,4304,9.691,9.248,9.824,9.501
42.4,4305,42.281,42.877,43.778,42.907
16.75,4306,17.059,17.743,18.284,18.848
21.05,4401,21.557,22.243,22.733,23.714
25.3,4402,25.927,26.183,28.257,29.638
10.7,4406,10.757,10.834,10.834,10.643
17.45,4413,17.778,17.93,17.931,18.069
3.19,4414,3.235,3.193,3.159,3.29
73.5,4416,73.589,75.26,79.889,89.432
41.5,4417,41.489,40.618,40.162,39.547
48.2,4419,48.438,48.908,49.76,47.756
56.0,4420,56.193,55.558,55.156,53.787
12.65,4426,12.835,13.081,13.305,15.401
23.8,4430,23.876,24.037,23.497,22.382
22.95,4432,22.874,22.741,22.918,23.442
98.6,4438,98.697,99.057,100.728,106.729
97.9,4439,97.927,95.735,94.348,101.713
23.85,4440,24.294,24.98,25.497,26.048
41.85,4442,41.836,40.772,37.928,31.657
19.3,4502,19.897,22.319,23.894,28.356
55.6,4503,53.976,52.069,51.43,53.211
102.5,4506,102.695,102.399,102.102,99.506
48.45,4510,46.1,45.175,44.272,34.269
33.4,4513,33.83,36.562,40.861,42.645
35.1,4523,36.357,37.67,39.036,43.635
31.35,4526,30.801,31.607,32.169,28.762
45.25,4527,46.155,48.973,50.596,46.926
26.0,4528,26.783,27.562,28.153,29.383
6.5,4529,6.641,6.872,7.361,9.368
11.95,4530,11.983,11.978,11.597,9.542
25.3,4532,25.75,26.363,26.6,26.039
40.0,4533,38.29,37.591,38.558,37.904
23.1,4534,22.26,21.775,22.02,19.813
34.25,4535,34.394,34.232,34.295,34.504
196.5,4536,197.69,200.308,204.692,201.297
19.7,4538,19.789,20.019,20.244,20.381
55.9,4540,51.116,44.776,43.189,39.5
34.9,4541,34.43,33.185,31.841,30.484
89.0,4542,90.046,93.157,94.02,81.027
40.8,4543,41.505,43.477,45.548,49.195
47.05,4545,48.153,51.673,53.832,48.832
175.0,4549,173.493,161.589,157.767,142.281
26.6,4550,26.906,27.151,27.314,30.642
108.0,4551,110.564,116.89,121.272,119.947
24.2,4552,24.513,25.072,25.563,27.631
28.95,4554,29.258,29.49,29.483,29.429
38.25,4555,37.594,37.886,39.653,48.172
31.7,4556,31.775,32.136,32.789,33.617
123.5,4557,126.3,132.791,132.371,123.158
36.2,4558,36.897,38.36,37.163,32.173
35.65,4560,35.747,34.539,33.964,34.868
72.4,4561,68.932,67.353,67.705,57.806
68.2,4562,66.138,65.884,65.988,53.199
97.1,4563,92.18,93.592,96.086,79.47
21.85,4564,22.004,22.214,22.731,23.799
74.1,4566,74.49,77.439,81.21,77.895
50.0,4568,50.028,50.434,51.416,53.637
194.0,4569,192.111,206.283,211.104,162.858
204.5,4571,191.083,178.448,170.722,139.607
149.5,4572,151.174,152.952,153.462,155.862
123.0,4576,119.864,120.509,118.499,97.14
33.95,4577,33.821,29.773,27.177,24.127
93.5,4580,93.698,94.339,95.45,97.291
51.4,4581,52.046,53.43,54.041,57.927
749.0,4583,700.368,701.831,697.221,505.559
81.1,4588,81.76,80.884,82.913,89.774
13.3,4702,12.848,12.706,12.742,12.979
32.0,4706,31.985,32.56,32.147,30.33
14.0,4707,14.079,14.226,14.478,14.513
15.05,4711,15.493,16.042,16.569,16.886
17.0,4714,17.389,18.141,18.635,18.957
20.45,4716,21.034,22.658,24.154,21.753
18.6,4720,18.885,19.538,19.938,19.429
70.7,4721,73.102,72.878,72.315,74.906
44.5,4722,44.526,44.575,44.569,43.174
42.5,4726,42.756,44.545,46.316,46.772
278.5,4728,277.707,278.284,276.487,263.785
25.4,4729,26.33,29.347,29.469,24.274
39.25,4735,39.4,39.298,39.92,39.656
145.0,4736,145.979,148.449,151.652,157.982
66.9,4737,67.09,67.838,68.163,69.169
57.6,4739,60.035,61.083,60.755,64.234
35.8,4741,37.068,38.977,40.789,40.881
88.0,4743,89.61,100.263,113.431,145.169
20.0,4744,20.121,20.28,20.819,23.404
20.5,4745,20.499,20.787,21.256,22.633
72.5,4746,72.236,76.64,82.448,91.861
73.6,4747,71.441,70.671,70.707,72.657
41.15,4754,41.238,41.185,41.156,41.849
130.5,4755,132.278,132.341,130.731,132.716
110.0,4760,111.292,115.773,120.14,114.135
942.0,4763,935.992,909.732,891.066,863.437
44.1,4764,44.383,44.598,44.696,43.224
314.0,4766,315.666,317.573,312.372,304.29
32.5,4767,33.271,34.306,34.81,33.159
177.0,4768,179.521,190.986,202.148,214.382
306.0,4770,310.325,319.831,329.291,352.804
172.5,4771,171.639,181.475,194.312,245.741
159.5,4772,160.51,163.476,169.033,184.624
11.9,4806,12.253,12.723,13.094,12.819
20.05,4807,19.95,21.886,23.63,21.638
32.05,4903,33.922,38.089,39.628,31.483
91.5,4904,90.558,89.885,89.563,86.212
79.9,4905,79.524,81.188,84.527,87.75
32.25,4906,33.08,34.979,36.122,36.943
65.9,4907,69.434,69.995,69.717,67.408
104.0,4908,106.286,102.708,100.086,96.514
119.0,4909,120.747,121.427,126.052,108.854
57.1,4911,57.833,57.509,57.069,57.565
120.5,4912,124.281,119.934,113.776,108.022
76.5,4915,77.882,79.532,82.033,83.752
30.05,4916,30.381,31.03,30.527,30.78
91.0,4919,92.255,93.479,92.804,104.439
35.2,4923,35.1,34.999,36.039,41.034
17.95,4924,17.913,17.671,18.16,18.593
35.7,4927,37.062,39.357,42.672,46.775
30.0,4930,30.109,30.746,31.582,32.236
55.6,4931,56.634,56.108,49.261,38.446
66.0,4933,67.513,66.759,66.936,64.281
13.0,4934,13.24,13.888,14.996,19.744
61.9,4935,62.369,63.66,65.456,62.929
92.3,4938,93.873,95.674,97.795,97.703
19.05,4939,19.484,20.171,20.567,20.806
41.4,4942,41.265,41.405,42.017,43.279
13.2,4943,13.572,14.661,15.748,17.558
72.0,4945,72.51,73.959,76.508,84.338
37.1,4946,37.667,38.283,38.637,41.068
22.9,4949,23.051,23.439,23.695,27.246
13.85,4950,13.94,14.104,13.518,13.956
66.9,4951,67.101,68.934,70.388,73.557
52.9,4952,52.229,52.278,53.001,54.818
120.5,4953,125.743,122.583,119.607,122.733
33.45,4956,34.512,36.016,35.464,28.827
116.5,4958,116.528,116.269,116.749,117.678
13.0,4960,13.022,12.959,13.046,13.427
229.5,4961,231.938,238.463,245.84,249.439
792.0,4966,766.33,732.993,726.145,800.78
79.2,4967,79.624,85.145,91.202,99.806
208.5,4968,210.803,203.308,194.401,188.78
89.9,4971,91.398,90.58,85.109,70.925
23.85,4972,24.289,25.146,25.648,26.93
30.25,4973,30.895,32.092,32.487,34.969
102.5,4974,97.475,93.909,93.774,84.596
36.15,4976,35.772,36.98,38.721,41.975
138.0,4977,139.331,132.24,121.199,97.248
174.5,4979,176.897,177.862,164.521,141.687
78.4,4987,78.692,81.504,79.333,70.392
17.25,4989,18.345,19.577,20.383,22.697
96.8,4991,96.016,95.144,83.429,55.788
101.0,4994,102.715,105.177,106.251,103.375
68.0,4995,68.432,71.313,72.781,66.733
33.25,4999,33.469,33.78,34.074,34.436
54.2,5007,54.432,54.909,55.39,56.041
45.4,5009,46.652,47.52,47.543,48.182
20.3,5011,20.349,20.589,21.407,23.121
32.5,5013,32.684,32.877,33.137,33.887
13.95,5014,14.305,15.038,15.811,15.888
36.4,5015,36.991,38.109,39.342,42.465
27.55,5016,27.463,27.53,27.572,27.903
29.0,5201,28.587,27.987,27.815,28.749
23.5,5202,24.638,25.442,25.448,23.045
84.5,5203,84.783,85.424,87.757,92.532
40.4,5206,41.223,40.641,40.253,38.548
176.5,5209,176.483,177.172,178.408,180.893
28.5,5210,29.084,29.909,30.011,31.217
26.8,5211,26.775,26.931,26.793,26.435
30.6,5213,31.01,31.405,32.366,35.467
45.15,5215,45.957,46.914,47.536,49.677
22.0,5220,22.288,23.087,23.979,25.667
119.0,5222,119.939,126.177,131.862,148.249
30.9,5223,31.155,30.879,31.08,34.117
126.5,5225,125.818,127.918,129.248,118.136
39.8,5227,39.595,39.991,38.397,39.118
18.3,5228,18.483,19.513,20.302,21.51
29.0,5230,29.177,30.56,31.852,31.934
193.0,5234,198.61,211.436,214.916,180.243
150.0,5236,150.752,155.517,161.011,160.23
66.3,5243,64.766,67.174,66.413,63.022
48.35,5244,49.772,48.272,45.884,43.682
33.5,5245,33.804,34.271,34.945,36.046
24.85,5251,24.517,25.662,26.961,28.89
80.7,5258,82.295,89.02,98.402,115.02
150.0,5263,153.04,159.988,166.188,157.854
2075.0,5269,1948.812,1798.482,1728.533,1721.923
28.9,5272,29.271,29.905,30.73,31.983
3820.0,5274,3832.758,3995.49,4133.359,3961.544
20.1,5276,20.459,20.744,20.165,17.852
37.25,5278,43.174,169.715,223.035,236.453
104.0,5283,104.059,104.383,104.389,106.649
156.5,5284,160.88,159.253,152.134,140.224
49.1,5285,49.891,52.784,56.517,63.346
187.0,5287,186.483,185.131,185.681,192.4
193.0,5288,194.632,195.42,198.888,198.427
212.5,5289,215.08,227.758,242.644,273.505
24.2,5291,24.324,24.857,25.701,27.105
156.5,5292,158.957,161.875,162.887,157.858
87.0,5299,87.971,90.252,93.533,104.356
9.3,5301,9.247,9.199,9.146,9.839
9.8,5302,9.922,10.256,10.653,11.247
125.0,5306,125.82,126.472,131.009,138.131
38.8,5309,39.677,41.451,40.25,38.07
48.1,5310,48.049,47.891,47.593,42.996
109.5,5312,110.127,108.877,106.306,100.138
511.0,5314,475.742,412.825,340.826,235.84
21.1,5315,22.524,22.583,21.63,19.72
59.9,5321,60.772,61.86,62.538,69.142
13.0,5324,13.276,13.018,12.737,12.639
17.35,5328,17.51,16.778,16.193,15.504
40.7,5340,41.508,42.915,43.771,48.447
18.6,5344,18.834,18.42,18.52,19.347
28.8,5345,28.66,29.059,28.831,23.281
97.0,5347,93.479,92.6,95.693,98.753
18.05,5348,19.723,22.192,21.856,18.388
34.0,5351,33.494,34.263,35.759,41.243
32.55,5353,33.259,34.303,33.647,33.819
10.1,5355,10.253,10.376,10.801,11.201
30.6,5356,31.104,32.667,33.97,34.589
31.8,5364,32.876,32.595,33.944,30.204
80.0,5371,78.028,76.041,75.138,78.337
23.3,5381,24.103,25.214,26.161,28.309
86.1,5386,86.807,88.749,89.349,79.98
108.0,5388,110.835,111.484,111.014,113.91
28.8,5392,28.528,28.283,29.175,29.968
21.6,5398,21.379,21.881,21.196,18.838
116.5,5403,117.35,114.336,113.978,116.128
31.75,5410,31.976,32.108,32.518,34.083
55.2,5425,57.045,59.649,61.287,68.499
31.05,5426,31.692,32.654,32.263,30.824
151.5,5432,153.217,168.978,196.04,202.448
297.0,5434,298.995,301.109,298.918,269.353
29.35,5438,28.94,31.242,31.026,24.36
122.5,5439,120.345,110.32,102.356,98.443
120.0,5443,119.332,123.379,125.649,100.716
17.85,5450,18.135,18.443,18.572,19.186
31.9,5452,32.429,34.192,34.925,31.757
60.0,5455,60.408,61.176,62.509,59.797
58.0,5457,58.08,56.7,54.66,54.405
14.8,5460,15.539,16.885,17.441,16.219
24.4,5464,24.556,25.045,25.999,28.654
38.65,5465,39.022,39.503,37.956,38.131
21.0,5468,21.09,21.741,22.301,21.696
49.25,5469,49.902,51.33,52.126,53.079
39.2,5471,39.587,41.894,43.412,47.047
161.0,5474,153.698,153.177,156.314,151.55
12.65,5475,12.98,13.446,13.669,13.522
129.0,5478,129.83,131.338,131.802,132.659
30.15,5481,30.03,28.181,26.806,20.93
142.0,5483,146.396,153.857,160.856,179.707
60.5,5484,56.067,54.327,57.014,53.402
37.4,5487,37.293,37.514,37.62,34.906
12.6,5488,13.054,14.184,14.237,13.382
39.1,5489,39.148,39.372,40.102,40.3
24.4,5490,24.79,25.712,26.14,26.712
75.9,5493,75.949,79.628,84.619,85.521
11.6,5498,11.83,12.273,12.773,13.367
138.5,5508,142.882,159.976,181.91,189.168
62.7,5511,62.717,62.394,61.69,63.408
9.91,5512,9.974,10.021,10.22,10.83
26.9,5515,27.353,26.999,25.727,22.782
18.0,5516,18.231,18.094,18.284,20.041
34.25,5519,34.935,35.586,36.793,38.992
81.4,5520,81.403,81.29,81.253,79.472
10.7,5521,10.833,11.156,11.445,11.792
80.3,5522,77.468,71.338,70.756,71.603
27.55,5523,27.638,28.138,29.015,29.281
33.05,5525,33.206,33.701,33.896,33.869
28.9,5529,29.077,28.437,27.909,27.418
54.1,5530,54.428,52.377,50.634,47.357
10.2,5531,10.506,10.835,10.76,10.663
20.3,5533,20.535,20.786,20.957,21.868
87.0,5534,87.529,87.988,91.441,99.223
356.5,5536,353.281,338.799,329.138,275.276
33.95,5538,33.604,33.686,34.225,34.045
22.55,5543,22.051,23.237,25.679,35.347
30.1,5546,30.014,29.901,29.826,30.737
26.95,5548,28.485,31.104,32.646,34.161
35.5,5601,35.717,36.155,36.324,36.345
26.65,5603,26.532,27.1,27.71,26.173
42.0,5604,42.022,42.146,42.241,42.722
43.65,5607,44.524,44.917,45.391,50.393
17.05,5608,17.244,17.766,17.999,18.969
81.3,5609,81.519,82.601,83.996,86.478
4.5,5701,4.514,4.627,4.731,5.324
18.1,5703,18.061,18.219,18.617,20.634
35.35,5704,35.42,36.768,38.178,42.866
67.6,5706,65.884,64.184,62.95,65.666
14.85,5864,15.131,15.973,16.755,18.381
111.5,5871,116.103,122.999,131.658,151.446
40.15,5876,40.424,39.731,39.581,41.712
25.0,5880,25.047,25.163,25.314,25.794
39.85,5902,39.815,39.686,39.516,38.021
189.0,5903,188.935,189.435,189.233,189.909
492.0,5904,480.725,480.533,490.73,505.489
14.3,5905,14.395,14.952,15.744,15.528
54.0,5906,54.151,55.387,56.948,60.847
11.8,5907,12.259,12.203,11.752,10.86
23.65,6005,23.655,23.103,22.627,21.478
10.75,6015,10.886,11.407,11.592,11.727
13.45,6016,13.513,13.712,13.901,14.496
18.8,6020,18.805,18.965,19.031,19.06
23.65,6021,23.782,24.072,24.121,22.04
88.7,6023,89.156,89.647,88.951,83.23
57.6,6024,58.38,58.484,57.848,55.611
12.3,6026,12.422,12.686,12.881,13.478
38.0,6101,37.726,37.865,38.505,41.266
52.9,6103,50.643,49.299,48.311,41.044
162.0,6104,164.162,158.004,148.654,125.363
17.15,6108,17.305,16.752,16.87,18.458
12.15,6109,12.297,12.783,13.239,13.877
57.2,6111,58.04,60.015,61.261,65.927
50.1,6112,51.351,50.575,49.484,54.137
20.5,6113,21.35,22.57,23.904,26.227
31.2,6114,31.87,33.956,35.612,34.126
51.7,6115,51.968,52.433,52.656,52.178
8.2,6116,8.404,8.753,8.925,9.65
92.5,6117,93.908,97.418,99.335,95.503
23.4,6118,23.766,23.075,22.738,23.596
12.95,6120,13.106,13.349,13.644,14.413
391.5,6121,387.679,383.167,374.457,377.791
52.1,6122,51.917,51.379,51.454,53.887
56.7,6123,56.705,57.13,58.311,62.931
30.7,6124,31.605,33.027,33.887,34.34
81.4,6125,83.039,84.76,86.95,87.279
29.05,6126,29.359,30.391,31.163,32.128
26.9,6127,27.589,28.735,28.568,27.706
34.0,6128,34.423,35.064,35.496,36.099
16.9,6129,17.327,18.422,19.44,22.91
23.6,6130,24.238,25.332,26.446,28.607
20.0,6133,20.563,21.724,21.995,19.822
29.75,6134,30.81,33.171,33.435,28.045
22.65,6136,22.604,22.608,22.628,22.444
178.0,6138,178.626,177.428,181.057,187.68
206.0,6139,212.56,223.0,225.053,214.089
25.3,6140,25.928,25.003,25.044,27.23
14.25,6141,14.213,13.663,13.552,15.062
11.15,6142,11.371,11.541,11.5,10.929
108.5,6143,110.216,116.311,121.319,118.741
34.5,6144,37.922,43.765,56.485,55.478
201.5,6146,200.889,203.63,208.235,222.003
63.4,6147,63.475,63.84,64.189,66.901
25.5,6148,26.144,26.655,26.977,28.328
70.8,6150,71.717,74.276,74.321,76.67
42.1,6151,43.122,47.056,47.963,39.157
12.35,6152,12.479,13.382,14.339,14.01
15.75,6153,16.079,17.002,18.169,20.282
15.85,6154,15.86,15.925,15.99,16.251
26.1,6155,26.418,26.853,27.12,27.272
26.05,6156,26.715,28.28,29.437,27.833
28.1,6158,28.638,29.643,30.179,30.695
23.05,6160,22.946,23.909,24.738,25.256
49.5,6161,50.213,50.614,50.883,49.813
22.65,6163,23.136,23.975,24.345,23.401
14.05,6164,14.397,14.882,14.858,14.493
44.5,6165,44.678,45.278,44.414,40.722
73.8,6166,73.827,73.701,72.5,70.252
13.8,6167,14.048,14.982,15.203,15.341
20.1,6168,20.584,21.582,22.067,22.998
49.4,6170,49.642,49.477,48.765,50.045
40.85,6171,41.001,41.116,41.048,39.671
42.75,6173,43.37,44.557,45.347,46.762
24.05,6174,24.658,24.978,23.729,22.483
38.8,6175,39.619,40.317,39.309,38.485
193.5,6176,194.155,194.015,194.991,183.977
42.7,6177,43.24,43.692,45.495,48.661
27.35,6179,27.636,28.7,29.596,30.624
79.2,6180,80.447,82.678,81.696,78.654
26.7,6182,27.119,28.811,29.969,34.731
83.6,6183,83.03,81.885,80.347,75.671
51.8,6184,51.787,51.739,51.814,52.332
14.5,6185,14.684,14.948,15.194,15.858
60.9,6186,61.638,62.353,66.138,74.969
424.5,6187,418.535,437.219,438.315,345.077
102.5,6188,99.979,98.257,98.175,96.074
82.2,6189,81.824,84.058,84.768,81.997
34.45,6190,34.742,34.997,35.559,36.177
52.0,6191,52.425,54.563,56.638,61.032
110.0,6192,108.825,108.388,109.948,108.462
36.6,6194,36.934,38.16,39.272,38.48
35.4,6195,35.765,36.626,37.295,39.437
146.5,6196,146.687,148.709,150.222,151.503
148.5,6197,149.333,154.052,158.112,148.675
41.45,6198,41.6,41.471,42.402,46.04
122.5,6199,119.319,103.577,87.008,55.345
56.8,6201,57.403,57.696,57.678,58.156
49.05,6202,48.429,50.467,51.674,55.232
64.4,6203,65.686,65.098,66.479,75.876
65.0,6204,68.237,74.231,82.987,103.538
71.8,6205,72.243,72.326,71.418,72.104
84.3,6206,85.298,84.655,84.938,83.749
54.4,6207,54.67,58.462,62.604,61.074
51.1,6208,52.292,54.206,55.485,55.03
25.3,6209,24.998,25.059,25.292,26.462
22.0,6210,22.591,23.453,23.865,25.203
58.0,6212,58.266,58.909,62.889,69.813
78.4,6213,77.877,77.534,77.844,85.303
139.5,6214,147.278,142.781,136.821,125.358
72.1,6215,68.564,63.235,62.723,55.052
41.0,6216,41.563,42.322,43.521,41.927
39.45,6217,39.908,41.21,42.601,43.99
27.55,6218,28.034,28.745,29.561,28.518
39.25,6219,40.448,40.281,40.287,39.111
27.05,6220,27.226,27.574,27.101,25.686
61.8,6221,62.58,64.517,67.585,73.447
29.5,6222,28.604,28.657,29.006,29.657
913.0,6223,874.403,831.581,802.344,622.875
57.8,6224,59.249,62.773,64.612,61.707
13.4,6225,14.031,14.947,15.321,14.963
9.2,6226,9.111,9.379,9.614,10.106
77.3,6227,75.612,73.577,72.736,68.183
29.7,6228,30.034,32.76,37.249,37.64
31.2,6229,31.146,31.563,32.68,34.03
205.0,6230,203.141,206.87,212.944,222.624
423.5,6231,424.678,452.32,473.805,407.42
28.75,6233,29.065,29.947,30.703,32.647
27.4,6234,26.757,26.786,26.772,27.375
67.8,6235,69.022,69.931,70.517,81.333
47.2,6237,47.885,48.916,49.202,50.64
115.5,6239,116.811,121.265,126.904,142.121
20.1,6240,20.328,21.049,21.853,22.635
14.4,6241,14.963,16.327,17.099,16.004
42.95,6242,43.013,43.229,43.574,47.676
47.95,6243,48.897,49.569,50.132,54.271
22.1,6244,22.925,23.821,24.355,26.277
88.8,6245,89.684,90.939,91.111,94.943
15.4,6246,16.138,18.251,19.692,17.979
27.4,6248,27.773,28.364,29.092,30.146
67.6,6257,68.393,70.038,71.966,72.413
19.6,6259,19.665,19.762,20.031,21.091
61.1,6261,61.528,63.629,66.013,68.877
148.5,6263,152.137,158.202,162.187,160.316
8.8,6264,8.933,9.14,9.697,10.732
10.65,6265,10.905,11.256,11.657,12.174
33.65,6266,33.643,33.388,32.919,32.734
63.5,6269,64.224,66.618,70.385,80.673
26.15,6270,26.125,26.607,27.208,27.278
133.5,6271,132.698,130.865,131.956,140.846
179.0,6274,180.386,173.682,170.364,161.542
45.55,6275,46.35,48.101,49.012,50.667
32.15,6276,32.706,34.098,36.8,46.649
76.6,6277,76.678,77.481,78.036,79.462
105.0,6278,105.252,104.745,106.298,108.862
176.5,6279,176.622,173.913,172.261,165.647
82.1,6281,82.357,82.868,83.159,83.826
30.6,6282,31.074,32.395,32.959,35.724
26.3,6283,26.505,27.696,28.363,28.794
77.8,6284,78.53,79.864,81.635,82.663
119.5,6285,119.602,118.898,119.342,128.968
14.0,6287,14.367,14.215,14.281,15.2
27.2,6288,27.61,28.788,28.88,29.313
71.0,6290,71.859,73.235,75.772,78.734
94.1,6291,94.839,95.625,100.609,131.255
53.0,6292,54.137,57.36,60.337,65.069
60.7,6294,62.536,67.758,77.041,95.273
33.85,6405,34.509,38.07,39.239,32.809
1845.0,6409,1880.385,1925.57,1971.483,1873.741
90.6,6411,91.534,93.95,94.862,98.689
115.5,6412,120.382,123.298,125.111,132.57
290.0,6414,293.613,301.412,302.141,300.726
405.5,6415,405.836,427.115,446.494,440.393
107.5,6416,108.224,119.299,129.214,128.373
103.5,6417,104.484,105.922,105.543,105.207
19.85,6418,19.986,20.073,20.496,21.676
104.0,6419,105.181,106.676,108.916,102.557
96.5,6423,94.479,91.9,91.251,94.114
81.4,6425,82.544,83.232,80.638,68.546
88.0,6426,92.644,87.794,80.218,71.48
14.35,6431,14.701,15.699,16.66,16.827
28.0,6432,28.689,29.679,30.648,33.144
92.1,6435,92.145,94.114,96.605,100.591
198.0,6438,191.475,200.44,194.513,152.849
37.0,6441,37.229,38.835,40.217,42.872
554.0,6442,572.505,538.64,501.936,360.245
18.7,6443,19.234,19.884,20.845,24.648
565.0,6446,574.216,585.605,602.819,547.707
144.0,6449,145.847,147.991,150.676,134.973
224.5,6451,235.788,234.223,230.271,210.293
47.15,6456,48.118,50.403,53.086,59.257
63.7,6457,62.289,62.09,61.966,58.908
26.7,6461,27.148,27.546,27.95,28.561
184.0,6462,186.957,186.355,192.85,205.774
79.8,6464,80.11,80.326,80.382,82.647
21.1,6465,21.544,22.568,22.756,22.694
152.5,6469,154.638,164.534,173.532,224.393
50.6,6470,52.312,52.902,52.188,54.586
741.0,6472,752.691,778.732,773.429,751.356
28.35,6477,29.049,30.306,31.593,35.589
49.5,6482,49.542,49.972,50.239,51.507
48.45,6485,49.571,52.66,55.379,68.379
80.7,6486,81.372,83.335,84.21,84.392
386.5,6488,394.998,412.874,426.662,477.935
364.0,6491,360.173,367.821,380.673,411.273
42.5,6492,42.756,44.578,46.497,47.844
50.9,6494,51.86,52.988,54.933,62.412
29.95,6496,29.964,29.926,29.948,29.984
40.3,6499,40.924,42.723,43.82,45.282
66.7,6504,66.968,68.188,69.008,71.035
36.2,6505,37.345,40.584,44.497,57.667
17.2,6506,17.407,17.74,18.036,17.969
29.75,6508,29.764,29.992,30.361,31.683
38.0,6509,38.676,40.356,40.964,40.608
833.0,6510,854.503,799.478,713.385,575.757
23.25,6512,23.625,23.678,23.46,23.157
1100.0,6515,1111.746,1177.906,1211.205,1068.984
66.0,6516,66.363,67.014,67.964,72.796
61.5,6517,62.975,68.408,71.065,74.302
149.5,6523,150.105,152.026,152.508,154.65
65.4,6525,66.512,68.789,69.393,68.419
736.0,6526,714.497,668.375,646.52,624.619
86.0,6527,86.606,87.858,88.391,87.002
73.3,6530,75.233,76.797,74.589,60.551
340.0,6531,321.553,312.736,310.758,335.651
69.4,6532,70.9,72.667,72.874,69.967
402.0,6533,399.137,389.473,386.002,398.664
82.0,6534,81.908,81.934,81.088,81.35
176.0,6535,185.848,256.34,284.76,236.274
102.5,6538,103.975,109.1,116.733,137.518
62.0,6541,63.318,66.338,65.944,61.353
60.1,6542,60.742,60.677,59.835,59.124
128.5,6546,134.19,137.756,144.985,148.073
34.1,6547,35.045,37.329,39.646,47.98
33.5,6548,34.104,34.859,35.841,37.049
45.15,6550,46.901,49.855,51.739,60.917
36.9,6552,37.36,39.036,41.31,43.493
83.8,6556,84.653,88.038,91.727,97.342
34.75,6558,36.274,35.659,31.29,26.307
30.6,6560,31.001,30.921,31.541,33.064
475.0,6561,477.486,494.335,492.323,440.055
123.0,6568,123.146,124.967,126.287,132.801
145.0,6569,148.648,153.467,159.407,172.836
48.45,6570,48.929,50.757,52.425,54.928
15.2,6573,15.415,15.453,15.601,15.126
55.0,6574,55.106,55.421,54.577,52.497
73.8,6576,73.832,75.983,77.447,83.386
88.2,6577,89.201,90.953,92.921,106.222
20.15,6578,19.901,19.431,19.962,22.11
121.0,6579,122.263,124.311,130.316,147.045
116.0,6581,117.419,115.833,114.581,107.153
60.9,6582,61.963,62.537,62.523,59.435
170.5,6584,173.257,174.761,174.652,168.219
136.5,6585,137.098,137.486,142.649,155.242
42.45,6588,44.28,42.866,40.594,36.818
74.6,6589,74.371,83.541,86.155,88.61
74.9,6590,74.419,72.725,72.285,77.22
49.85,6591,50.481,51.823,51.485,52.353
77.0,6592,79.113,83.059,87.222,101.464
74.0,6593,75.861,78.615,80.433,95.166
76.6,6596,75.942,74.57,73.592,69.786
20.65,6598,21.022,22.005,22.472,23.242
16.55,6603,16.704,17.318,17.973,18.085
220.5,6605,224.101,232.519,237.088,222.234
27.2,6606,27.54,28.099,28.448,27.725
79.8,6609,79.133,83.315,85.875,66.791
117.0,6612,118.254,123.295,130.413,136.526
185.0,6613,186.951,188.6,184.785,173.027
39.9,6615,40.236,41.716,44.414,48.732
10.9,6616,11.037,11.572,12.005,13.159
108.0,6617,104.428,107.454,110.177,120.704
38.3,6624,38.121,37.772,37.888,39.662
85.0,6625,85.546,85.465,85.8,89.128
121.5,6629,123.017,126.357,128.088,113.195
95.2,6637,96.425,99.83,100.215,102.483
762.0,6640,771.012,785.679,799.632,656.719
33.65,6641,34.313,35.804,37.511,40.674
68.9,6642,69.769,70.06,69.338,64.554
821.0,6643,775.055,742.318,772.942,955.122
25.75,6645,25.784,26.532,27.242,31.792
34.45,6649,34.985,35.328,34.92,32.84
87.0,6651,88.014,92.601,94.28,87.489
42.75,6654,42.748,43.69,44.489,46.314
128.0,6655,128.39,128.003,129.723,129.11
54.1,6657,53.147,53.814,53.296,54.867
76.6,6658,74.939,79.826,82.403,68.422
23.95,6661,23.826,24.1,24.463,24.83
34.8,6662,34.96,35.345,35.705,35.763
245.5,6664,247.285,257.999,269.39,248.905
50.2,6666,50.851,54.207,56.69,61.16
185.0,6667,185.445,191.645,199.395,183.35
48.4,6668,49.317,50.128,49.863,51.958
2605.0,6669,2513.689,2287.585,2147.704,2075.351
307.5,6670,307.723,308.315,303.329,280.041
42.0,6671,41.991,42.04,42.346,42.775
64.1,6672,64.818,67.618,69.137,75.582
23.75,6674,24.44,25.969,25.996,25.782
344.0,6679,330.936,327.432,332.03,354.968
87.4,6680,88.322,88.985,88.981,86.554
357.0,6683,342.872,337.663,343.504,333.878
75.3,6684,73.446,66.725,65.54,71.5
102.0,6689,106.792,101.316,98.451,102.894
210.0,6690,209.259,210.725,213.018,204.482
394.5,6691,384.197,348.11,332.942,338.095
37.1,6692,37.591,37.936,38.597,37.399
81.9,6693,83.019,83.159,83.227,78.662
69.0,6695,66.212,61.851,60.012,60.555
46.0,6697,46.536,46.57,46.046,46.98
36.0,6698,36.51,37.893,39.42,39.011
159.0,6703,157.715,159.439,169.511,217.223
141.0,6706,146.658,157.632,159.639,126.627
43.0,6708,43.059,43.825,43.114,43.806
172.5,6712,173.988,176.431,178.637,188.026
168.5,6715,170.752,174.329,174.216,170.31
80.9,6716,82.067,85.915,90.775,102.122
222.0,6719,222.813,227.742,233.882,253.869
151.0,6720,158.917,163.606,163.779,163.614
57.7,6721,57.644,57.497,56.533,53.83
84.8,6727,83.994,84.831,83.227,73.559
123.0,6728,123.452,124.577,124.595,127.659
252.0,6732,261.81,277.296,279.745,311.92
34.1,6733,33.766,35.283,36.194,36.776
58.0,6735,59.99,63.493,67.43,73.402
197.5,6739,198.358,193.064,188.902,171.205
87.2,6741,89.024,89.121,89.2,92.037
54.5,6742,55.406,58.981,61.945,65.007
41.3,6743,42.44,46.123,50.034,55.109
55.0,6751,56.771,57.902,57.735,63.76
134.5,6752,139.022,130.846,125.396,121.581
102.0,6753,102.452,105.162,110.515,115.176
64.5,6754,65.388,67.755,69.349,67.186
130.5,6756,129.523,135.237,145.203,176.753
75.5,6757,76.349,76.212,71.343,57.295
91.0,6761,91.696,92.509,94.848,95.438
269.5,6762,272.049,274.35,276.579,272.444
64.6,6763,65.789,69.713,93.546,255.224
31.6,6767,32.158,32.38,32.582,34.185
130.0,6768,133.232,137.392,130.251,103.409
15.1,6770,15.388,16.623,17.915,22.036
57.2,6771,58.116,58.419,59.735,65.659
60.5,6776,60.003,58.583,57.897,58.309
912.0,6781,934.629,889.342,774.144,652.669
182.5,6782,184.845,196.378,208.238,228.277
137.0,6785,142.97,150.286,160.411,202.375
243.5,6788,238.65,239.787,244.349,212.517
271.0,6789,268.043,270.454,276.821,284.696
42.4,6790,43.461,45.169,46.384,47.544
137.0,6791,141.879,139.353,128.549,103.683
64.2,6792,65.617,65.454,65.229,72.155
70.6,6794,70.664,72.093,73.761,76.127
82.1,6796,82.732,84.681,85.021,88.144
97.6,6799,96.954,99.475,103.828,125.361
281.5,6803,282.969,281.766,282.848,292.612
30.2,6804,30.492,31.264,32.234,40.025
882.0,6805,955.495,949.591,899.052,765.197
114.0,6806,115.781,120.95,124.029,128.722
87.3,6807,85.317,85.194,82.656,66.261
270.0,6811,280.645,269.946,260.669,262.819
42.5,6821,43.386,46.889,46.745,43.12
63.5,6823,63.635,64.422,65.728,67.504
121.0,6829,121.356,120.279,119.623,116.175
157.5,6830,159.165,167.49,172.278,158.859
33.2,6834,33.777,33.589,34.383,33.985
41.0,6835,41.649,43.769,46.08,48.135
38.05,6838,38.725,40.189,41.345,42.002
52.6,6840,51.761,52.187,55.207,65.037
72.6,6841,74.255,76.708,79.259,87.662
51.3,6843,51.902,51.847,51.417,53.834
148.0,6844,148.687,152.624,156.741,165.722
76.9,6846,76.151,76.491,76.817,77.636
160.5,6854,161.804,153.163,140.715,108.141
157.5,6855,156.458,149.383,145.534,131.504
64.0,6856,63.797,63.803,64.32,65.831
187.5,6859,184.481,186.14,174.929,147.091
60.0,6861,61.258,62.268,63.398,71.712
179.0,6862,180.686,181.555,197.394,234.883
239.0,6863,236.146,234.669,241.139,223.068
62.4,6865,61.942,60.23,57.377,56.352
176.5,6869,174.82,179.026,189.821,182.367
250.0,6870,253.924,248.133,237.67,201.899
212.0,6873,213.988,213.307,219.016,206.47
94.1,6874,95.409,95.233,96.375,103.432
53.6,6875,54.414,56.987,59.233,67.864
93.5,6877,93.406,86.179,79.859,63.365
237.0,6881,235.947,232.386,229.052,230.643
32.05,6885,31.35,31.091,31.041,31.01
390.5,6890,388.204,390.434,383.85,312.241
187.5,6894,189.125,191.366,192.267,197.196
185.0,6895,186.953,184.383,185.685,171.988
51.7,6899,52.021,53.786,55.305,59.921
32.8,6901,33.424,35.252,36.248,39.701
135.0,6902,134.592,139.528,143.056,154.675
121.0,6903,122.337,128.306,135.222,159.635
138.0,6904,138.852,140.828,143.756,159.668
152.5,6906,159.127,169.251,170.157,165.623
131.0,6913,134.463,133.528,128.952,124.368
115.0,6914,116.699,118.967,124.641,148.67
24.45,6916,24.625,25.028,25.266,26.194
542.0,6919,544.612,552.783,540.627,524.439
154.0,6922,155.367,153.694,151.989,146.307
82.0,6923,83.901,86.07,87.504,89.799
93.5,6924,94.892,97.612,98.34,98.827
57.4,6928,57.345,57.984,59.42,69.425
37.5,6929,37.747,39.052,42.013,57.577
217.0,6933,220.872,237.296,244.773,264.349
354.5,6937,360.1,347.504,332.23,278.055
83.7,6949,84.219,86.522,89.156,101.512
75.5,6951,75.761,74.366,70.315,61.166
48.0,6952,48.328,48.012,47.89,50.053
221.0,6953,224.529,234.229,243.092,262.941
137.0,6955,139.574,143.846,145.631,146.987
217.0,6957,214.618,210.931,219.473,252.908
24.5,6958,25.626,27.209,28.431,30.316
52.6,6962,49.722,52.287,54.639,56.863
52.0,6967,51.467,51.673,55.154,63.85
62.1,6968,63.166,65.198,68.672,76.356
43.1,6969,44.382,47.417,48.53,42.535
26.0,6988,25.937,25.144,24.708,24.833
237.5,6996,238.763,238.737,238.623,238.534
126.0,6997,121.667,120.065,119.755,119.565
71.0,7402,71.367,72.774,74.852,84.045
128.0,7556,129.222,131.193,131.867,129.468
78.2,7584,78.655,78.914,80.478,99.8
142.0,7703,143.785,146.889,150.956,156.882
78.7,7704,79.233,79.43,79.469,79.492
70.6,7705,70.182,72.849,75.067,77.254
91.2,7708,91.865,93.62,95.975,99.003
453.0,7722,467.866,493.05,501.119,506.88
24.2,8011,24.726,26.128,26.707,25.47
209.5,8016,206.738,209.979,216.28,238.612
32.85,8021,32.817,33.794,34.811,33.598
17.5,8024,17.703,18.182,18.538,19.497
88.4,8027,89.584,93.936,98.223,98.421
126.5,8028,127.555,131.686,131.102,106.093
71.8,8032,69.221,70.893,66.506,46.202
59.7,8033,57.974,57.445,57.812,60.921
19.15,8034,19.384,20.177,20.747,22.04
26.85,8038,27.559,28.804,28.289,29.358
45.85,8039,46.321,48.184,50.933,52.651
78.2,8040,78.493,76.42,76.88,74.462
41.0,8042,43.492,44.02,40.732,37.089
33.15,8043,33.584,34.966,36.506,33.819
51.4,8044,52.21,51.838,47.494,40.023
66.0,8045,66.573,68.65,69.205,69.571
109.0,8046,108.661,115.673,123.996,161.101
22.15,8047,20.762,20.042,19.371,16.497
49.9,8048,50.993,51.694,52.987,59.049
31.95,8049,32.627,33.625,34.302,36.416
70.5,8050,70.864,71.321,72.265,77.36
146.5,8054,141.551,132.359,133.662,136.432
37.85,8059,37.154,35.009,34.081,30.63
51.4,8064,51.855,55.495,57.623,48.973
27.7,8066,27.938,28.342,28.608,29.285
27.7,8068,28.199,28.89,29.402,31.669
260.5,8069,261.834,275.287,283.637,263.472
45.5,8070,47.473,50.06,52.218,49.192
19.9,8071,19.494,19.293,19.818,19.284
24.7,8072,25.045,25.962,26.571,27.35
21.25,8074,21.868,23.262,23.924,22.858
30.65,8076,31.085,32.019,32.6,32.564
38.5,8080,37.725,33.377,31.895,24.502
237.5,8081,235.79,232.528,231.258,243.63
163.5,8083,164.693,162.018,161.083,163.318
68.4,8084,68.919,67.989,67.308,76.31
33.75,8085,34.693,36.166,37.823,47.356
102.5,8086,100.323,100.203,100.701,110.714
47.05,8087,47.112,47.005,47.852,50.687
20.3,8088,20.246,20.851,22.803,31.31
79.9,8089,82.141,92.494,97.447,92.896
127.5,8091,129.186,132.585,137.075,133.82
21.2,8092,21.531,21.775,22.504,22.9
20.7,8093,20.901,21.151,21.46,20.965
38.65,8096,39.525,40.247,41.201,37.609
83.4,8097,88.847,85.711,80.965,70.824
83.1,8099,85.247,86.661,85.944,79.316
20.35,8101,21.04,20.328,14.431,7.077
48.1,8103,48.72,50.163,52.868,53.842
45.65,8104,47.763,51.125,49.345,43.092
15.0,8105,15.271,15.941,16.385,16.085
19.8,8107,20.127,21.866,23.667,22.417
86.7,8109,87.077,87.403,87.819,90.971
14.2,8110,14.47,15.252,15.878,16.779
45.45,8111,45.438,42.795,40.279,31.105
59.5,8112,61.243,63.778,65.516,68.864
330.0,8114,334.451,312.023,275.472,200.373
27.6,8121,28.554,30.346,32.297,34.139
28.6,8131,29.146,30.649,32.181,35.497
103.0,8147,104.039,105.887,110.801,113.11
30.2,8150,30.591,31.854,33.459,38.037
118.5,8155,119.051,121.009,125.49,133.701
40.7,8162,40.661,39.778,38.571,39.115
42.55,8163,43.923,46.652,48.152,52.725
36.35,8171,37.333,38.406,36.956,36.92
14.9,8176,15.417,15.768,15.775,15.017
32.5,8182,32.887,33.846,34.55,34.817
39.45,8183,39.806,40.312,40.362,42.354
16.15,8201,16.442,16.94,17.325,17.657
274.0,8210,280.283,289.103,289.26,277.043
35.05,8213,35.523,36.809,37.26,38.623
31.0,8215,31.457,32.482,32.435,32.684
36.75,8222,36.897,37.829,38.004,40.262
180.5,8227,172.258,166.002,170.139,202.912
52.7,8234,51.329,51.161,51.164,51.387
43.25,8240,44.4,46.134,44.806,39.213
57.8,8249,54.929,55.79,55.273,42.589
151.0,8255,154.218,161.074,165.303,175.183
89.0,8261,90.167,91.773,89.092,85.813
44.0,8271,45.022,47.058,48.687,54.855
112.5,8272,113.883,112.367,114.891,120.676
13.95,8277,14.135,14.501,14.54,13.853
127.0,8279,128.589,130.55,132.793,143.965
67.9,8284,68.726,67.772,66.333,64.349
24.9,8289,25.417,25.512,25.908,28.871
7.06,8291,7.039,7.151,7.408,7.85
479.0,8299,467.422,459.022,467.001,512.115
88.9,8341,89.786,91.175,92.384,98.715
61.5,8349,62.17,63.791,65.556,67.271
14.75,8354,15.12,15.876,16.44,16.46
58.2,8358,59.16,59.535,59.93,61.991
47.65,8367,47.889,48.025,48.669,48.192
149.0,8374,139.905,133.828,132.611,102.682
43.5,8383,43.935,43.238,43.391,42.582
63.3,8390,65.465,69.554,71.613,67.077
29.3,8401,28.682,27.867,27.601,26.416
28.75,8403,28.806,28.918,29.334,30.929
27.9,8404,28.289,29.23,28.262,23.796
23.1,8409,22.724,22.457,22.339,22.601
78.5,8410,78.751,79.009,79.497,76.001
12.65,8411,12.863,13.241,13.536,13.97
33.35,8415,33.328,33.748,33.873,34.169
160.5,8416,158.655,157.4,156.882,154.823
15.15,8421,15.175,15.079,14.896,14.369
179.0,8422,179.752,181.012,182.146,183.726
20.45,8423,20.562,20.87,21.437,22.217
45.65,8426,45.368,45.458,46.17,50.478
12.45,8429,12.722,12.527,11.843,10.77
61.1,8431,61.505,61.169,60.521,59.295
61.6,8432,62.436,63.361,63.086,60.28
86.0,8433,86.393,86.736,87.531,89.352
72.2,8435,72.747,73.023,73.361,71.255
125.0,8436,124.8,126.057,129.241,142.798
25.8,8437,26.703,28.029,28.896,34.914
31.95,8438,32.233,34.011,36.112,36.402
37.4,8440,38.135,40.165,42.175,43.826
104.5,8442,104.896,105.046,106.842,109.184
11.6,8443,11.616,11.744,11.792,11.865
33.0,8444,32.445,31.858,32.69,35.328
122.0,8446,122.049,122.97,121.746,114.324
23.45,8450,23.439,23.708,24.085,24.329
348.0,8454,349.155,358.935,368.27,409.46
30.55,8455,29.813,29.887,30.567,29.957
112.5,8462,113.153,114.15,116.366,119.609
25.85,8463,26.021,26.376,26.89,27.332
394.0,8464,394.822,408.278,428.814,412.264
41.0,8466,41.115,43.414,47.249,51.888
318.0,8467,311.097,292.77,275.774,222.367
26.0,8472,25.838,25.931,26.294,28.222
36.3,8473,37.136,37.487,39.104,40.186
25.0,8476,25.179,28.671,36.601,51.012
11.9,8477,12.115,12.165,12.323,14.801
216.5,8478,220.061,236.914,256.023,316.936
50.1,8481,50.151,50.372,50.593,51.22
76.5,8482,69.493,65.619,64.963,65.218
69.0,8487,69.64,70.118,70.602,75.049
31.1,8489,30.913,30.435,29.749,28.127
118.5,8499,119.094,118.664,117.723,117.629
31.25,8905,30.923,30.284,30.322,30.402
35.95,8906,35.119,34.947,36.442,36.503
46.65,8908,47.651,48.185,48.758,52.699
58.1,8916,57.78,57.334,57.22,57.637
64.0,8917,63.877,63.296,62.708,62.821
26.95,8921,26.907,26.028,24.647,20.658
19.25,8923,19.264,18.918,18.896,19.408
77.4,8924,77.755,79.464,81.229,86.58
41.25,8926,41.69,42.401,43.054,44.151
51.2,8927,53.024,53.767,56.125,58.595
33.4,8928,33.471,33.032,32.792,32.863
24.8,8929,25.896,28.05,26.946,23.789
34.85,8930,34.978,34.583,34.632,35.11
48.5,8931,48.702,48.957,48.982,49.992
94.9,8932,94.553,91.795,95.368,110.487
8.17,8933,8.311,8.495,8.671,9.428
20.65,8935,21.397,21.718,20.868,17.231
50.2,8936,51.495,53.47,56.86,62.21
130.0,8937,127.903,129.729,115.403,67.655
72.0,8938,73.108,74.661,76.695,78.789
23.85,8940,23.935,23.573,23.369,24.548
67.5,8941,67.683,67.722,68.092,69.049
55.1,8942,55.528,56.66,58.074,64.06
315.5,8996,322.009,330.774,337.981,349.994
6.15,9103,6.162,6.267,6.407,6.79
8.77,9105,8.205,7.679,7.061,5.643
5.84,9136,5.86,6.037,6.191,6.467
118.5,9802,115.848,112.29,113.297,118.944
16.0,9902,16.083,16.675,17.29,17.09
42.1,9904,42.603,42.274,40.564,36.703
22.9,9905,22.926,22.959,22.993,23.443
117.0,9906,121.158,124.096,129.799,121.704
15.2,9907,15.372,15.686,15.905,15.872
30.2,9908,30.194,30.237,30.329,31.206
140.5,9910,139.692,137.759,138.802,149.172
83.0,9911,83.687,84.335,84.931,83.762
12.15,9912,12.246,12.297,12.374,12.335
162.0,9914,162.912,163.941,175.552,200.302
136.0,9917,133.402,133.051,134.695,131.446
40.2,9918,40.095,40.369,40.582,40.914
17.25,9919,17.326,17.943,18.553,20.288
152.0,9921,151.632,154.365,168.448,195.539
52.1,9924,52.461,53.391,53.987,53.297
41.2,9925,41.174,41.197,41.254,41.247
64.0,9927,64.654,65.577,67.252,70.133
17.1,9928,17.566,18.126,18.775,20.016
16.0,9929,15.977,15.92,15.925,15.753
66.8,9930,66.808,66.808,66.711,64.476
34.25,9931,34.303,34.333,34.403,35.718
40.0,9933,40.237,40.999,42.718,45.587
13.95,9934,14.122,14.54,15.391,16.643
29.2,9935,29.71,31.044,31.67,28.435
64.7,9937,64.921,65.376,65.531,65.907
71.6,9938,74.061,77.682,76.575,68.424
142.5,9939,143.467,147.698,151.557,150.747
28.95,9940,29.125,29.44,29.897,30.737
104.5,9941,107.775,115.721,124.337,143.548
114.0,9942,114.293,114.923,115.447,121.207
79.0,9943,79.182,79.515,80.285,83.402
19.95,9944,20.112,20.345,20.48,20.881
44.0,9945,44.959,45.715,46.28,44.452
23.2,9946,23.646,24.369,25.878,29.279
25.0,9949,25.344,25.476,25.288,23.271
15.15,9950,14.584,13.747,13.797,15.465
53.1,9951,54.529,57.975,60.384,66.235
28.35,9955,28.845,30.193,31.799,31.832
180.0,9958,178.716,182.696,193.767,213.159
25.8,9960,26.035,26.148,26.249,26.702
15.3,9962,15.348,15.438,15.506,16.191
