代碼,股本,PE,PB,當月營收YOY,當月營收MOM,稅後淨利成長率%,除息日,公司動態,股東會日,法說會日
1101,755.12,33.28,1.06,61.16,5.64,10.29,,,,
1102,354.66,13.3,0.9,-1.0,-1.7,-6.13,,,,
1110,57.20,95.21,1.43,62.71,42.1,34.64,,7月營收2.74億元,,
1210,89.48,11.33,1.88,-4.47,3.63,-2.66,,,,
1216,568.20,25.02,3.74,9.8,8.12,-3.75,,,,
1217,49.45,18.97,0.79,7.39,28.13,114.89,,8/29法說會,,
1229,171.04,23.26,2.07,-7.2,-45.44,4.81,,,,
1301,636.57,61.79,0.97,6.4,3.86,-55.56,,,,
1303,793.08,48.67,0.98,4.73,3.29,-5.18,,,,
1304,118.88,0.0,0.7,14.34,-0.12,-66.19,,8/28法說會,,
1305,58.11,56.83,1.05,-2.26,-13.04,-81.39,,,,
1307,39.78,11.01,1.31,21.47,46.24,105.62,,8/23除息1.50元,,
1308,59.37,0.0,0.84,1.86,8.96,-351.61,,,,
1309,39.76,0.0,1.12,48.16,-1.18,-59.89,,,,
1310,52.79,0.0,0.99,50.0,-15.06,89.58,,,,
1312,110.66,0.0,0.44,30.86,-1.41,7.35,,,,
1313,136.76,0.0,0.53,-1.3,0.73,-121.31,,,,
1314,378.49,31.87,0.49,0.76,-5.28,124.37,,,,
1316,30.03,0.0,1.64,132.65,-20.48,232.3,,,,
1319,59.15,13.56,2.13,5.04,4.32,80.39,,,,
1326,586.12,22.98,0.78,12.22,-4.07,562.32,,,,
1402,535.29,18.95,0.84,5.48,-3.78,27.48,,,,
1409,161.84,20.55,0.74,18.75,5.09,137.16,2024/08/27,8/27除息0.55元,,
1416,18.53,13.67,0.61,26.6,18.88,1941.19,,,,
1436,11.66,10.33,4.28,3121.39,57.03,1215.03,,,,
1438,9.12,0.0,3.99,0.0,0.0,-203.61,,7月營收0.00億元,,
1440,165.68,10.9,0.91,12.9,24.19,76.09,,,,
1442,36.62,7.77,3.08,1326.74,59.3,525.11,,,,
1444,99.56,45.19,0.85,-3.15,6.26,324.28,,,,
1447,91.01,0.0,0.83,-26.12,-1.85,219.89,,,,
1449,9.95,17.33,0.98,-10.02,-8.12,105.66,,,,
1453,10.67,29.86,1.57,101.75,0.88,130.29,,8/28除權0.30元,,
1454,12.98,75.77,1.51,1.76,-3.06,67.54,2024/08/27,8/27除息0.25元,,
1455,53.17,71.25,0.94,42.32,-9.21,171.68,,,,
1456,9.37,0.0,1.37,-59.94,-52.38,-232.6,,,,
1463,17.33,51.08,1.94,-2.57,82.82,-80.39,2024/08/29,8/29除息0.50元,,
1477,24.19,22.36,6.69,3.28,11.5,13.03,2024/09/12,9/12除權0.20元,,
1503,52.10,41.04,2.93,5.15,-6.34,34.25,,,,
1504,213.88,20.97,1.33,-4.22,-3.43,-23.74,,,,
1513,50.31,25.51,4.84,5.99,-3.56,3036.01,,,,
1519,28.72,55.68,30.16,61.33,4.01,99.89,,,,
1522,31.29,11.35,2.31,13.78,-0.87,143.66,,,,
1524,16.53,9.92,1.81,7.25,12.44,119.95,,,,
1528,19.13,0.0,1.11,-2.49,-4.35,-263.28,2024/08/26,8/26除息0.10元,,
1529,15.51,158.75,2.75,-66.4,-72.51,-77.87,,7月營收0.29億元,,
1532,39.67,7.44,1.07,-53.46,-44.37,278.04,2024/08/29,8/29除息1.43元,,
1536,27.95,113.79,2.13,-4.25,-32.16,-53.99,,7月營收5.05億元,,
1540,8.55,17.66,2.15,-51.17,-73.06,115.15,,,,
1560,14.55,51.13,7.73,21.39,10.6,30.66,,,,
1569,12.14,0.0,1.08,-16.73,5.65,39.43,,,,
1582,14.37,14.64,2.21,23.06,17.91,203.99,,,,
1584,19.25,11.87,2.16,36.38,12.4,94.9,,,,
1597,8.93,118.05,3.6,5.88,-6.31,-32.36,,8/22除息0.80元,,
1603,19.17,13.66,0.98,83.99,67.53,5.45,2024/08/28,8/28除息1.30元,,
1605,403.13,26.36,0.96,-1.02,-13.91,-13.81,,,,
1608,63.28,17.07,1.96,21.92,-4.97,-1.9,,8/22法說會,,
1609,77.37,24.37,2.73,26.71,6.6,-44.31,,8/22法說會,,
1611,32.27,32.73,1.34,-23.93,-11.96,34.89,,,,
1612,31.61,15.08,1.54,11.69,-17.36,41.68,,,,
1616,19.41,23.78,2.12,1.64,-4.74,-80.18,2024/08/28,8/28除息0.37元,,
1617,16.81,117.25,1.64,27.04,-6.12,27.98,,,,
1618,19.27,17.53,1.62,151.14,95.87,127.96,,訂8/23召開法說會,,
1702,29.41,10.44,1.34,5.28,-3.46,61.43,,7月營收18.68億元,,
1709,47.70,17.39,1.26,4.53,-20.11,119.47,2024/08/27,8/27除息0.60元,,
1710,88.57,0.0,1.28,36.87,7.25,-129.13,,,,
1711,54.78,70.71,1.61,7.83,-1.95,207.45,,7月營收6.94億元，8/23法說會,,
1714,101.68,16.25,0.72,-2.75,4.04,-8.21,,,,
1717,117.83,18.94,1.36,10.89,1.02,86.89,,,,
1718,168.59,0.0,0.51,23.39,30.92,100.31,,,,
1720,17.87,13.79,2.02,1.73,2.02,7.35,,,,
1722,98.00,38.95,1.15,0.32,5.82,-75.02,2024/08/27,8/27除息2.60元,,
1783,8.91,27.77,3.09,3.46,-1.82,-17.46,,,,
1784,4.96,86.47,4.59,17.23,17.54,-25.67,2024/09/19,7月營收1.07億元,,
1785,59.62,29.58,2.87,27.24,-17.27,33.43,,,,
1789,79.07,49.61,1.93,24.98,-12.97,117.17,,,,
1799,12.19,0.0,37.73,598.0,16.32,3.62,,,,
1802,290.81,99.06,0.93,-12.58,-2.63,46.24,,,,
1806,39.04,63.42,0.85,-2.31,16.97,126.93,,,,
1808,45.10,6.93,3.63,-70.82,-36.99,-6.67,2024/09/26,9/26除權12.00元，除息3.00元,,
1809,16.70,178.75,1.23,-9.53,-18.68,162.97,,,,
1815,46.46,0.0,1.57,34.64,-12.41,65.36,,,,
1905,110.28,0.0,1.29,4.79,-2.56,80.59,,,,
1907,166.04,25.82,0.75,14.66,1.72,273.75,,,,
1909,132.77,226.67,0.81,7.22,-5.81,113.74,,,,
2002,1573.49,100.68,1.09,3.73,-2.28,101.41,,,,
2006,73.02,11.96,1.88,6.08,-0.72,2.07,,,,
2009,35.96,151.07,1.59,27.41,-24.42,194.97,,,,
2014,143.55,0.0,1.75,-16.34,-6.96,-214.68,,,,
2020,26.70,4.99,1.43,-41.12,-21.36,76.44,,,,
2025,28.12,0.0,2.07,24411.4,1.62,-115.46,,,,
2027,243.43,21.99,1.16,-0.38,-4.99,-39.79,,,,
2031,32.11,6.41,1.44,-26.06,-8.01,143.04,,,,
2049,35.38,38.07,2.1,-5.56,0.89,-6.5,,,,
2059,9.53,28.32,6.89,94.3,3.78,142.53,2024/08/29,8/29除息14.19元,,
2061,4.71,67.5,2.22,28.49,-12.14,348.02,,7月營收1.00億元,,
2062,20.00,12.7,1.0,-14.91,-12.92,499.9,,,,
2070,3.58,23.38,3.33,32.1,-18.12,458.48,2024/08/28,自結7月合併獲利300萬元,,
2101,83.39,67.89,3.86,26.19,17.24,1039.8,,,,
2103,82.57,19.57,0.93,35.24,6.31,58.3,,,,
2104,98.47,0.0,0.48,36.55,58.39,-344.08,,,,
2107,30.36,15.06,0.61,25.29,-47.39,13.19,,,,
2108,49.24,33.99,1.33,41.19,-18.39,-22.62,,8/23法說會,,
2201,107.00,12.41,0.92,7.05,-2.48,-16.33,,8/22除息1.40元,,
2204,55.36,8.76,1.28,20.71,-0.23,-19.56,,,,
2206,79.75,10.93,2.53,-1.5,-2.98,-25.75,,,,
2236,5.12,41.25,3.29,-21.06,-7.59,-90.62,,,,
2241,10.46,0.0,1.99,-31.42,-6.76,32.2,,,,
2243,6.94,0.0,2.49,280.59,-78.5,125.55,,,,
2301,234.73,18.22,2.83,2.37,9.63,-16.07,,,,
2303,1252.85,12.9,1.96,9.61,19.08,-25.02,,,,
2308,259.75,30.66,5.06,3.79,7.21,8.16,,,,
2312,150.36,27.15,1.57,7.9,1.72,192.04,,7月營收136.35億元,,
2313,119.18,16.99,2.23,11.48,26.27,123.9,,,,
2316,18.27,7.22,0.94,-8.57,17.6,1187.28,,7月營收2.82億元,,
2317,1388.20,16.27,1.63,21.98,16.63,30.13,,,,
2323,108.93,17.93,0.77,-1.97,19.07,-46.07,2024/09/04,9/4除息0.68元,,
2324,440.71,15.95,1.13,-9.91,-7.52,35.32,,,,
2327,51.81,13.77,1.89,23.81,10.01,29.06,,,,
2328,51.83,16.96,1.36,-6.84,0.18,-24.51,2024/08/30,8/30除息1.30元,,
2329,56.03,11.5,2.81,-19.12,-8.1,22.89,,,,
2330,2593.36,26.66,6.49,44.67,23.61,21.67,2024/09/12,12/12除息4.00元,,
2331,55.74,22.43,1.14,6.3,-7.09,-83.9,,,,
2332,60.25,920.0,1.22,-9.51,-11.49,-94.89,,,,
2337,185.58,0.0,1.09,10.29,10.48,-379.95,,,,
2340,43.86,519.29,1.98,5.41,-16.68,-150.97,,8/27法說會,,
2344,450.00,123.16,1.07,12.17,-3.99,1372.28,,,,
2345,56.06,30.37,10.7,16.22,1.27,12.67,,,,
2347,166.79,14.8,1.59,12.4,-3.52,16.6,,,,
2348,15.19,11.83,4.8,20.3,-0.55,287.3,,,,
2349,69.37,0.0,2.17,0.39,2.55,342.34,,,,
2351,18.21,35.32,3.67,11.71,6.14,-6.91,,,,
2352,196.68,27.15,1.86,2.38,-6.59,-47.59,,,,
2353,304.79,22.9,1.73,32.32,-16.82,32.84,,,,
2354,141.45,25.0,0.89,3.51,30.88,-26.33,,,,
2355,39.75,13.78,1.02,-7.2,3.62,224.45,,,,
2356,358.75,24.2,2.65,32.75,9.04,28.77,,,,
2357,74.28,11.94,1.46,25.99,-18.97,939.43,,,,
2359,17.15,128.97,5.22,-0.27,51.89,-82.72,,,,
2360,42.53,30.85,6.26,36.16,1.39,19.68,,,,
2362,63.23,20.63,0.79,44.86,-0.17,102.94,,,,
2363,48.72,0.0,2.1,76.77,-20.35,-127.72,,,,
2365,22.15,137.56,4.48,9.54,0.28,62.27,,,,
2367,66.94,37.61,2.12,29.1,-0.62,771.77,,,,
2368,49.18,20.95,5.76,35.02,11.5,119.44,,,,
2371,233.95,76.75,1.95,7.62,-12.41,-130.28,,,,
2374,28.75,25.45,2.18,15.24,3.85,1318.89,,,,
2376,66.99,21.2,4.28,119.01,-16.99,179.56,,,,
2379,51.29,22.58,6.18,19.47,4.76,70.81,2024/09/05,9/5除息15.50元,,
2382,386.26,21.17,5.72,43.01,11.63,62.93,,,,
2383,34.46,17.98,5.36,58.58,10.2,198.01,2024/08/29,8/29除息9.98元,,
2385,76.01,13.68,2.84,4.47,0.23,25.63,,,,
2387,19.53,8.81,1.2,17.91,12.03,10.05,,7月營收22.56億元,,
2388,50.03,129.44,4.94,-31.87,-21.44,261.83,,,2024/08/29,
2392,51.23,15.83,1.26,8.63,15.76,412.49,,,,
2393,44.34,16.48,1.84,29.75,4.59,69.46,,,,
2397,11.45,32.61,2.9,-39.56,-2.89,-39.69,,,,
2399,17.81,0.0,1.72,12.5,-7.76,-6.61,,,,
2401,59.20,0.0,2.19,15.14,4.24,937.12,,7月營收6.19億元,,
2402,30.75,22.63,2.04,11.75,1.57,73.41,,7月營收8.68億元,,
2404,19.06,13.47,6.05,-4.78,6.76,3.16,,,,
2405,34.34,236.11,1.97,2.04,9.17,223.51,,,,
2406,35.09,0.0,1.83,148.92,-21.98,79.32,,,,
2408,309.86,0.0,1.0,12.65,-18.37,17.62,,,,
2409,769.94,0.0,0.86,16.95,-1.42,75.93,,,,
2412,775.74,26.33,2.63,1.43,-1.85,-1.81,,,,
2417,15.76,0.0,2.22,16.67,12.28,-49.1,,7月營收3.24億元,,
2419,32.13,0.0,1.99,22.75,-35.79,-53.22,,,,
2421,27.34,18.82,3.62,22.76,17.62,-0.56,,,,
2427,19.68,18.4,1.82,3.81,-8.79,32.87,,,,
2436,17.80,35.61,2.84,15.52,9.79,77.62,,,,
2438,6.52,0.0,7.31,124.6,17.5,-232.42,,,,
2439,24.98,16.81,2.21,58.94,16.6,127.09,2024/08/30,8/30除息4.15元,,
2442,25.61,15.69,1.84,94.65,85.39,90.09,2024/09/02,9/2除權0.22元，除息0.11元,,
2449,122.27,23.56,3.82,14.49,4.35,20.29,,,,
2451,42.99,15.0,2.28,-2.4,15.25,140.96,,,,
2453,10.00,18.96,2.8,21.56,-1.35,16.95,,,,
2454,159.93,19.18,5.07,43.59,5.84,75.06,,,,
2455,18.49,34.35,8.17,17.01,-11.59,233.98,,,,
2457,43.12,75.66,1.75,-20.11,51.12,-30.44,,,,
2458,30.39,14.74,4.23,-0.33,6.73,96.58,,,,
2464,19.55,88.89,3.72,-16.46,-1.67,6.43,,,,
2465,8.39,0.0,9.68,12.49,20.71,-71.85,,,,
2467,15.68,53.36,7.67,49.01,-31.0,71.26,,,,
2474,68.04,13.61,0.96,14.7,27.16,49.26,,,,
2476,20.78,23.05,2.98,32.1,18.97,81.75,,,,
2477,15.86,22.86,0.97,-21.73,-21.51,373.06,,,,
2486,23.40,177.45,4.46,12.27,5.23,-69.13,,,,
2489,74.01,17.73,1.21,70.86,7.05,166.56,,,,
2492,48.58,20.96,1.07,8.68,9.73,43.99,,,,
2495,27.36,18.96,1.9,19.58,-4.26,213.38,,,,
2498,83.25,0.0,1.62,-3.8,-42.28,-8.52,,,,
2501,115.96,12.65,1.17,11.57,-27.58,52.31,,,,
2506,38.70,0.0,0.61,7.77,37.61,-132.76,,,,
2511,162.33,53.1,0.72,3.31,20.97,-89.03,,,,
2515,153.09,33.5,0.92,13.35,13.84,-3.76,,,,
2520,55.42,6.31,1.39,116.73,-39.28,220.92,,,,
2524,36.94,47.27,2.45,564.83,-31.98,1038.27,,,,
2527,27.03,15.08,0.81,81.53,-10.63,113.69,2024/08/26,8/26除息1.50元,,
2528,40.97,0.0,3.07,1714.29,-3.79,-164.15,,,,
2530,84.00,31.04,3.69,144776.0,-32.96,2450.69,2024/08/29,8/29除息0.56元,,
2534,47.42,57.72,0.88,-4.1,45.03,-103.84,,,,
2536,33.28,24.85,0.96,193.22,-65.82,110.22,,,,
2537,30.06,44.06,1.5,12809.8,-7.55,387.76,,7月營收2.75億元,,
2538,43.84,0.0,1.54,216.15,-72.98,-91.34,2024/08/26,8/26除息0.70元,,
2539,99.43,29.96,4.87,0.0,-100.0,5.23,,,,
2540,41.66,32.35,6.57,14.55,1.1,159.65,2024/09/12,9/12除權5.00元，除息1.50元,,
2542,188.41,44.62,2.03,-33.09,1.09,-11.68,2024/09/26,9/26除權1.00元，除息0.50元,,
2543,33.07,11.34,3.56,3.52,-37.11,693.1,,,2024/09/23,
2545,32.77,8.49,1.66,146.09,-9.87,792.96,,,,
2547,95.51,0.0,0.9,1.82,17.31,-14.71,,,,
2548,30.45,17.3,2.26,1554.95,330.19,-85.91,,8/22法說會,,
2596,10.00,54.81,2.28,-80.76,6.49,-11.09,,,,
2597,25.89,12.25,4.18,19.99,-9.94,72.62,,,,
2601,82.48,0.0,0.65,-6.6,-6.24,58.14,,,,
2603,215.30,5.6,0.83,132.23,28.65,281.32,,7月營收543.97億元,,
2606,84.51,11.65,1.15,-3.49,16.03,104.8,,,,
2607,106.71,14.03,0.99,75.86,15.33,-19.52,,7月營收22.29億元,,
2609,349.21,8.97,0.74,122.23,22.87,579.09,,7月營收254.58億元,,
2610,605.17,14.41,1.66,11.24,4.45,46.9,,,,
2613,14.84,27.89,1.36,3.37,-5.36,660.05,,,,
2614,30.02,0.0,1.82,-2.33,-1.22,35.09,,,,
2615,280.61,15.03,0.98,144.17,21.09,463.95,,,,
2617,41.73,6.9,0.77,26.61,4.44,87.37,,,,
2633,562.83,21.27,2.38,4.21,-3.68,-1.04,,,,
2634,94.19,20.49,2.75,-10.8,-7.44,5.97,,,,
2641,31.06,8.72,0.83,28.45,12.57,148.97,,,,
2645,37.46,19.36,3.01,-1.47,6.25,8.42,,,,
2731,9.33,7.54,3.49,23.26,2.38,86.25,,,,
2739,9.15,6.56,3.23,-5.17,-11.08,328.61,,8/26法說會,,
2745,3.38,9.26,4.45,30.12,2.7,86.93,,,,
2801,1120.58,14.55,1.0,14.62,9.79,6.19,,7月營收39.89億元，8/27法說會,,
2809,111.12,8.43,1.18,-77.4,-76.83,37.68,,,,
2812,551.88,11.68,1.18,11.13,-2.69,39.64,,7月營收17.38億元,,
2834,916.80,12.29,1.06,1.06,-0.3,-18.09,,9/4法說會,,
2836,178.63,18.46,0.88,16.39,-8.05,-19.14,,9/4法說會,,
2838,405.01,12.82,0.83,2.67,4.19,9.52,,,,
2845,406.95,14.11,1.06,12.18,23.76,46.16,2024/08/27,8/27除權0.51元，除息0.51元,,
2851,80.04,7.95,1.08,-5.79,-5.0,58.74,,獨立董事石百達辭任,,
2855,145.58,9.47,1.16,-33.87,-35.59,276.21,,,,
2867,539.95,26.1,0.86,-14.96,-17.25,236.1,,,,
2880,1377.92,15.77,1.61,24.07,18.31,12.58,,8/23法說會,,
2881,1301.50,13.88,1.45,73.85,32.61,119.4,,8/29法說會,,
2882,1466.92,11.0,1.16,29.77,76.7,423.64,,8/23法說會,,
2883,1680.86,11.35,1.01,164.59,285.65,134.43,,7月營收168.03億元,,
2884,1599.58,18.03,1.81,40.7,30.09,20.48,,7月營收78.76億元,,
2885,1294.29,13.55,1.31,13.56,19.21,55.48,,,,
2886,1483.34,16.2,1.56,16.68,8.26,6.63,,8/26法說會,,
2887,1297.61,16.58,1.19,13.51,-5.68,-1.04,,,2024/10/09,
2888,1715.76,40.16,0.75,-30.36,-33.58,134.49,,訂9/3召開法說會,2024/10/09,
2889,353.22,25.93,1.24,18.39,-2.81,10.92,,,,
2890,1268.59,13.76,1.54,17.14,4.21,45.54,,7月營收63.30億元,,
2891,1962.11,10.18,1.42,24.13,32.59,56.81,,,,
2892,1402.87,16.13,1.42,6.95,11.53,5.8,,上半年合併獲利137.29億元,,
2897,280.35,10.3,0.74,29.87,16.58,14.57,,7月營收11.01億元,,
2903,141.69,16.86,1.28,-8.98,-0.3,-39.08,,,,
2905,112.25,20.1,1.13,2.24,44.68,271.71,2024/08/27,8/27除息0.20元,,
2912,103.96,25.41,8.03,6.08,6.35,16.19,,,,
2915,110.43,7.39,0.8,10.46,2.83,77.38,,7月營收2.37億元,,
3005,61.25,16.33,3.18,4.39,10.87,27.63,,,,
3006,28.62,0.0,2.2,-0.18,-10.89,139.92,,,,
3008,13.35,18.91,2.34,55.0,34.48,51.89,,,,
3013,20.33,57.94,6.68,89.18,13.58,165.34,,,,
3014,16.11,14.43,3.93,3.56,3.81,2.61,,,,
3016,28.85,63.33,3.55,-2.96,-1.06,148.76,,,,
3017,38.57,35.33,9.81,18.98,1.98,62.03,,,,
3019,27.92,33.38,2.52,43.63,5.43,50.0,,,,
3024,27.72,52.82,1.98,15.82,21.97,0.69,,7月營收1.46億元,,
3025,5.67,20.96,5.08,150.41,18.74,-6.09,2024/08/27,8/27除息3.20元,,
3027,11.55,59.84,2.0,41.43,16.76,46.02,2024/08/26,8/26除息0.37元,,
3029,16.69,18.98,3.58,37.34,-9.18,39.56,,,,
3030,23.62,25.98,5.11,112.86,4.15,93.19,,,,
3033,45.91,13.99,1.59,24.24,-19.02,73.42,,,,
3034,60.85,15.15,5.72,-4.21,9.51,-11.54,,,,
3035,26.06,61.49,6.04,-2.61,4.87,-36.84,,,,
3036,111.62,17.6,1.42,76.32,25.41,118.15,,8/22除息1.80元,,
3037,152.51,25.92,2.69,17.3,13.3,-34.06,,,,
3042,34.30,16.77,2.87,23.57,22.47,49.3,,7月營收11.63億元,,
3044,52.56,14.1,2.42,13.62,11.83,82.11,,,,
3045,372.33,25.63,4.32,8.38,-7.19,6.35,,11/12法說會,,2024/11/01
3047,22.35,0.0,3.63,138.55,-0.76,209.92,,自結7月合併獲利4100萬元,,
3048,26.98,104.88,2.4,22.18,20.5,234.54,,,,
3049,80.20,0.0,0.91,13.64,3.01,-42.64,,,,
3050,15.50,36.64,1.45,10.82,15.37,35.42,,7月營收1.15億元,,
3051,17.00,15.27,1.93,-14.0,19.14,635.18,,,,
3056,35.60,359.0,1.84,-91.36,-26.48,-133.57,,,,
3060,13.76,0.0,1.44,19.09,-9.96,126.75,,,,
3062,33.04,0.0,2.29,15.14,46.66,108.14,,,,
3078,22.74,11.02,2.56,-24.78,14.34,-9.24,2024/08/29,8/29除息4.80元,,
3081,9.18,0.0,3.01,89.13,3.64,0.5,,7月營收1.05億元,,
3105,42.39,43.53,1.55,16.69,-3.3,187.5,,,,
3147,3.90,16.63,4.37,46.04,44.0,31.27,,,,
3149,18.57,0.0,2.21,23.95,0.13,-41.47,,,,
3163,8.05,24.66,4.91,-36.68,-16.5,40.66,,7月營收1.48億元,,
3167,8.26,195.42,3.64,167.59,25.85,151.96,,,,
3188,18.63,13.25,3.05,498.62,94.2,1211.95,,,,
3189,45.67,375.0,1.62,39.12,12.13,68.65,,7月營收26.92億元,,
3209,23.25,12.11,1.72,-20.58,72.13,60.26,,,,
3211,15.21,7.75,1.63,-31.83,-14.51,329.8,,,,
3217,9.01,14.63,3.16,22.45,17.06,66.95,,,,
3227,14.92,22.55,3.03,48.25,5.18,248.91,,,,
3228,6.98,0.0,30.44,39.05,-36.24,209.66,,7月營收0.35億元,,
3229,6.43,188.57,2.66,29.21,6.93,229.96,,,,
3230,8.60,11.08,3.11,-40.13,2.89,395.41,,7月營收0.44億元,,
3231,289.68,18.14,2.65,27.28,-2.92,96.57,,,,
3260,29.59,9.0,1.78,34.04,3.38,437.02,,,,
3264,49.02,12.42,1.83,-0.36,6.45,-15.18,,,,
3265,13.63,16.64,2.42,9.81,5.8,5.31,,,,
3284,8.88,34.19,4.55,206.32,48.49,250.04,2024/08/26,8/26除權0.40元，除息0.20元,,
3290,12.41,18.12,1.79,19.2,0.23,140.1,,7月營收1.72億元,,
3293,28.18,19.41,10.36,32.03,-2.53,38.79,,,,
3294,13.20,68.78,1.81,5.57,19.71,112.61,,,,
3305,13.42,26.96,1.8,42.99,5.87,65.09,,7月營收7.51億元,,
3312,16.26,32.77,5.11,22.42,10.78,130.73,2024/09/05,9/5除息1.20元,,
3313,16.88,12.71,2.01,0.0,1431.67,3319.56,,7月營收0.03億元,,
3321,9.72,0.0,3.27,7.1,-9.05,28.86,,,,
3322,12.16,105.0,1.8,-3.66,14.8,-541.89,2024/09/09,調整股利：現金0.22554785元,,
3324,9.15,31.31,7.35,27.64,-19.12,100.31,,,,
3338,8.79,22.92,3.54,5.02,-5.47,55.92,,,,
3339,6.60,106.82,3.38,30.79,7.49,59.78,,,,
3356,8.98,11.18,2.72,4.46,9.64,137.68,,,,
3362,14.25,62.88,9.51,13.88,28.56,108.95,,7月營收4.05億元,,
3363,10.36,0.0,6.79,17.26,7.8,-114.06,,7月營收1.34億元,,
3374,27.14,44.14,8.75,26.25,17.64,52.36,,,,
3376,19.57,35.71,2.76,31.84,5.09,124.49,,,,
3379,3.80,91.98,2.84,141.29,-57.57,104.62,,,,
3380,54.17,38.08,1.77,-5.62,-25.86,-20.04,,,,
3406,11.27,12.37,2.67,5.93,46.26,488.83,,,,
3413,10.53,15.27,2.71,54.39,6.1,22.68,,,,
3437,14.45,0.0,1.35,1.79,17.72,-12.08,,,,
3443,13.40,46.63,16.4,31.2,8.6,-11.43,,,,
3450,14.57,229.03,5.2,44.01,19.21,316.53,,,,
3455,5.99,23.26,3.45,11.88,3.72,156.74,,,,
3466,6.18,0.0,5.64,4.97,213.86,-1403.5,,,,
3481,798.92,0.0,0.0,-4.65,-5.8,78.39,,,,
3483,8.61,19.21,3.17,5.0,8.1,23.42,,,,
3489,9.05,0.0,2.08,42.94,-10.45,-113.57,,,,
3491,6.38,60.75,9.56,57.02,5.1,114.57,,7月營收2.25億元,,
3498,6.29,0.0,1.32,-82.19,-9.02,-31.99,,,,
3518,9.60,0.0,2.91,31.98,74.96,-1707.29,,8/26法說會,,
3522,8.25,0.0,3.47,-5.6,-14.0,-37.27,,,,
3533,11.25,22.67,5.53,24.19,9.74,72.46,2024/08/28,8/28除息25.75元,,
3535,7.91,59.53,5.05,-22.89,-69.68,372.99,,自結7月合併獲利1180萬元,,
3548,6.61,14.08,1.96,-8.2,5.45,161.31,,,,
3576,162.78,0.0,1.57,-50.39,-3.66,-200.74,,,,
3580,3.95,35.16,4.93,-13.0,-8.9,56.55,,,,
3581,5.10,112.79,2.97,-24.13,-25.25,-7.45,,7月營收0.96億元,,
3583,8.03,47.85,8.2,34.72,-11.46,45.47,,,,
3597,3.92,110.42,1.84,15.79,20.53,-3.29,,,,
3607,12.17,156.07,1.49,40.09,-2.39,84.55,,,,
3622,15.13,12.33,1.3,-16.77,6.48,106.07,2024/08/28,8/28除息2.00元,,
3624,11.73,25.52,1.85,6.73,-1.29,-13.19,,,,
3631,8.18,0.0,2.67,-15.41,-10.34,-10.86,,,2024/09/10,
3645,13.22,59.4,2.7,33.46,2.38,209.31,,7月營收2.19億元,,
3653,14.29,69.14,15.67,9.89,2.95,45.76,,7月營收11.86億元,,
3661,7.98,49.64,6.3,116.31,-6.83,111.0,,8/23法說會,,
3663,13.43,185.71,6.36,138.27,0.04,-0.26,,7月營收5.00億元,,
3665,17.38,30.68,2.91,12.39,17.33,-7.63,,7月營收50.11億元，8/26法說會,,
3673,40.67,72.82,0.42,-3.12,-21.12,-10.57,,,,
3675,5.47,40.18,6.42,46.71,1.97,35.67,,,,
3685,7.96,0.0,1.69,-40.25,4.17,-9.48,,,,
3686,7.65,0.0,3.28,162.54,-46.8,88.28,,,,
3689,7.95,19.76,2.01,-30.42,7.75,-17.71,,,,
3701,23.47,40.71,2.02,6.65,20.05,-36.14,,,,
3702,167.91,15.57,1.72,28.86,-5.32,20.27,,,,
3703,82.32,16.57,0.99,46.25,0.4,-26.81,,,,
3706,120.66,19.56,0.88,70.28,8.69,108.93,,,,
3708,10.77,15.48,1.47,5.3,8.84,-73.71,,,,
3710,28.73,0.0,1.81,28.1,15.35,55.29,,,,
3711,439.29,20.48,2.15,6.71,9.95,-1.18,,,,
3712,24.62,14.07,1.35,30.25,-24.1,505.59,,,,
3714,73.79,0.0,0.65,15.47,5.76,55.06,,,,
3715,27.77,13.37,2.4,19.35,16.5,86.85,,,,
4109,9.87,7.29,2.32,4.1,-57.46,767.57,2024/08/26,8/26除息0.50元,,
4113,23.11,18.38,2.64,1137.34,-30.2,628.2,,7月營收4.08億元,,
4123,72.50,0.0,1.78,33.76,16.67,-2303.27,,,,
4142,42.95,0.0,2.42,224.98,403.32,5.34,,,,
4157,0.01,57.2,9.23,-44.29,15.92,87.76,,,,
4160,2.54,62.93,4.55,7.66,15.86,91.9,2024/09/19,9/19除權0.51元，除息0.51元,,
4167,31.74,59.61,2.1,8.45,4.99,8018.26,,,,
4174,22.94,0.0,7.08,293.83,53.71,-1236.17,,,,
4303,7.88,9.2,2.58,43.01,-18.22,456.88,,,,
4306,67.92,11.14,0.98,63.21,-21.18,84.46,,7月營收15.84億元,,
4402,6.80,0.0,6.84,145.59,-10.26,-62.23,,,,
4414,88.21,0.0,0.8,11.69,21.76,61.53,,7月營收16.71億元,,
4510,10.80,28.15,2.42,-13.83,-9.9,209.05,,,,
4513,11.44,76.31,6.07,-7.23,-24.66,-844.0,,7月營收1.05億元,,
4526,25.48,0.0,1.39,-22.53,7.4,-1410.31,,,,
4532,50.49,13.35,1.25,18.84,-12.69,56.31,,,,
4533,15.84,39.76,2.61,46.45,-11.01,-24.92,,,,
4534,8.68,0.0,3.27,63.1,27.19,115.87,,,,
4540,9.52,0.0,1.43,-26.04,-28.31,-2715.6,,8/27法說會,,
4549,5.48,27.84,4.61,24.3,-14.43,13.53,,7月營收1.00億元,,
4551,11.52,24.59,1.7,30.49,26.17,17.61,,,,
4555,7.00,0.0,1.13,30.43,6.31,-39.94,,,,
4561,5.85,14.62,2.76,-13.57,-13.51,222.19,,7月營收0.93億元,,
4562,8.75,0.0,6.07,10.73,64.96,44.43,,,,
4563,5.50,27.27,2.63,77.29,-14.93,59.05,,8/22除息0.53元,,
4564,20.28,0.0,1.28,0.69,13.79,-6.37,,,,
4566,10.81,24.02,2.12,37.99,3.02,59.43,,,,
4576,11.98,490.56,2.8,22.46,-10.32,214.79,,,,
4707,37.91,16.73,1.05,-42.1,-44.31,24.47,2024/08/28,8/28除權0.65元，除息0.25元,,
4714,17.70,61.33,1.47,74.83,5.09,752.96,,,,
4720,10.67,14.79,1.54,15.03,4.81,1270.25,,,,
4726,20.63,0.0,4.95,346.13,-8.65,41.91,,,,
4729,7.77,0.0,1.82,-10.32,-12.77,-80.16,,,,
4743,47.83,0.0,5.34,27.37,-38.2,57.28,,,,
4763,8.63,10.71,6.17,52.22,34.44,295.95,,,,
4768,4.31,85.32,6.15,70.31,-10.0,-0.94,2024/08/26,7月營收0.90億元,,
4903,10.41,27.75,3.08,-4.02,-54.84,243.21,,,,
4904,360.57,26.68,3.88,9.77,-7.43,9.5,,,,
4906,42.36,27.84,1.36,13.98,-8.57,6.63,,,,
4907,11.81,15.81,4.43,113768.0,-83.11,768.05,,8/23除息1.30元,,
4915,46.29,15.45,2.31,0.1,-3.96,4.15,,,,
4916,9.84,0.0,1.36,6.55,7.66,-247.8,,,,
4919,41.98,21.78,2.39,-9.95,-7.97,-65.21,,,,
4927,18.99,0.0,1.67,14.46,30.62,-144.32,,,,
4933,8.16,10.63,1.62,9.88,-10.37,136.05,,,,
4938,266.38,15.05,1.4,3.15,36.09,47.46,,7月營收965.29億元,,
4956,10.04,0.0,1.63,29.78,18.01,77.33,,,,
4958,95.67,16.91,1.23,30.56,25.61,107.55,,,,
4960,57.20,0.0,0.87,3.18,-0.71,99.01,,,,
4961,12.13,17.21,1.86,28.4,0.67,8.11,,,,
4966,8.12,25.67,2.8,36.94,-3.4,45.86,,8/22除息7.88元,,
4967,8.53,12.7,2.4,225.11,3.72,12057.35,,,,
4968,9.07,672.22,7.04,12.79,-11.42,172.31,,,,
4976,14.07,0.0,2.62,56.42,7.24,117.07,,,,
4977,8.02,37.95,1.52,-12.74,8.15,-95.34,,,,
4979,14.08,27.85,5.31,9.33,12.83,99.18,2024/09/06,9/6除息1.43元,,
5009,60.25,10.59,1.61,-1.14,3.01,9.18,,,,
5213,52.28,16.3,2.21,-86.64,105.55,12.1,,7月營收1.05億元,,
5225,7.56,13.51,4.08,38.53,11.48,170.61,,8/27法說會,,
5234,10.27,28.09,5.03,-6.85,13.73,3.58,,,,
5258,10.48,15.76,3.23,6.75,3.05,-20.23,,,,
5263,6.67,0.0,3.89,69.68,28.9,85.47,2024/09/12,9/12除息0.50元，8/23法說會,,
5309,19.06,31.48,2.52,-4.44,-11.86,-13.37,,8/22法說會,,
5328,17.27,56.3,1.36,-13.93,17.24,-68.02,2024/09/16,9/16除息0.35元,,
5347,163.90,28.24,4.75,-1.11,-13.38,-8.59,,,,
5351,32.56,0.0,3.61,69.02,-3.73,15.46,,,,
5364,5.88,0.0,3.51,-40.25,17.19,-40.95,,7月營收0.34億元,,
5371,39.10,27.49,1.3,6.76,4.13,-58.8,,,,
5381,21.42,98.52,4.21,-37.71,-39.88,146.87,,7月營收0.81億元,,
5386,3.12,32.73,4.34,301.34,263.91,34.48,,8/22除權0.90元，除息0.40元,,
5388,29.93,11.78,2.18,15.21,14.18,18.09,,,,
5392,16.90,109.19,0.98,-4.52,1.93,39.17,,,,
5425,26.35,29.07,2.16,6.42,10.92,-34.21,,7月營收12.68億元,,
5426,14.38,752.5,2.04,5.03,0.26,-11.65,,,,
5439,9.30,20.57,3.63,-13.25,3.82,-24.8,,,,
5443,16.51,76.47,3.81,49.02,33.82,157.27,,,,
5452,14.88,82.33,2.64,7.92,-6.48,71.84,,7月營收4.85億元,,
5469,52.84,10.04,0.84,-0.02,13.62,8.46,,7月營收39.67億元,,
5474,4.04,25.85,3.55,-15.7,5.02,55.82,,7月營收0.93億元,,
5475,12.71,0.0,2.09,9.25,13.38,29.9,,7月營收0.49億元,,
5483,58.62,13.45,2.78,10.02,-0.12,-20.61,,,,
5484,6.68,0.0,10.03,14.89,-47.06,-534.48,,7月營收0.36億元,,
5498,19.24,0.0,1.23,17.46,-1.01,-93.91,,訂8/22舉辦線上法說會,,
5508,21.74,14.2,8.31,117.67,17.53,144.42,,,,
5512,74.40,31.05,0.64,-30.24,46.78,196.21,2024/09/04,7月營收4.11億元,,
5515,25.20,11.67,1.13,19.26,-4.03,87.04,,7月營收4.43億元,,
5522,78.16,14.89,1.35,127.64,111.13,32.91,,8/21申報轉讓1959.00張,,
5525,28.05,12.06,2.12,-80.68,-86.55,860.44,,8/28除權0.60元,,
5531,97.76,0.0,1.04,-39.45,-26.58,-802.01,,,,
5534,29.03,15.36,1.75,84.56,-67.61,207.49,,8/22除息5.50元，8/22法說會,,
5608,38.93,0.0,0.69,4.53,8.22,45.24,,,,
5864,33.93,13.15,0.94,178.91,-21.48,-34.53,,,,
5871,164.69,9.67,1.57,4.5,5.45,-16.74,,8/27法說會,,
5876,486.16,18.38,1.06,11.27,-10.66,-50.18,,,,
5880,1522.42,21.63,1.55,21.53,19.52,6.88,,,,
5905,24.98,0.0,2.3,-2.92,24.16,-126.86,,7月營收1.15億元,,
6005,217.09,10.84,1.14,51.22,7.08,21.32,,,,
6015,38.92,11.27,0.82,-43.06,-23.03,377.96,,,,
6016,59.45,7.62,0.97,-79.46,-84.19,51.06,2024/08/30,8/30除權0.50元，除息0.65元,,
6021,31.09,17.98,0.93,-45.72,-67.56,638.34,2024/10/02,,,
6026,39.62,7.38,0.95,-119.55,-114.1,36.63,,,,
6111,10.92,0.0,3.58,5.26,-44.96,168.92,,9/12法說會,,2024/09/01
6116,294.03,0.0,0.67,-29.23,31.68,-33.36,,,,
6117,8.87,28.97,6.4,-4.51,-13.95,467.26,,,,
6120,66.56,41.14,1.03,32.05,23.1,57.25,,,,
6121,18.50,12.75,1.99,-3.66,4.0,-9.62,,,,
6122,7.81,9.45,2.53,-17.53,4.61,32.21,,,,
6125,25.90,53.78,6.76,-62.76,32.47,-167.76,,,,
6126,12.72,24.41,1.2,8.49,5.03,13.36,2024/09/16,9/16除息1.10元,,
6127,10.81,0.0,2.61,21.27,-9.31,-160.21,,,,
6133,11.70,57.07,2.32,20.12,-10.12,568.28,,,,
6139,23.30,13.73,4.71,69.12,6.17,169.97,2024/09/03,9/3除息8.98元,,
6143,8.75,19.66,4.06,13.62,7.72,100.94,,,,
6147,74.47,11.64,0.99,9.61,6.36,6.78,,,,
6151,5.53,23.86,2.0,11.64,0.67,-7.09,,,,
6153,59.62,0.0,1.06,-25.23,7.68,37.19,,,,
6163,14.11,20.9,1.47,-26.86,-12.83,101.16,2024/09/05,9/5除息0.30元,,
6164,10.00,61.96,1.25,40.01,-6.19,299.2,,,,
6176,46.50,14.06,2.49,22.41,17.18,26.26,,,,
6177,42.89,10.48,2.95,-91.28,-80.21,301.92,,7月營收2.57億元,,
6180,17.55,6.45,2.02,20.44,78.06,383.99,,,,
6187,9.67,54.6,8.27,471.46,8.83,896.5,,7月營收5.82億元,,
6188,27.84,26.85,3.15,-33.23,-16.64,-12.15,,,,
6189,21.76,14.96,3.44,31.68,14.0,106.61,,,,
6191,47.43,8.64,1.35,-1.67,7.01,16.5,,,,
6197,12.21,24.12,5.94,56.89,7.63,102.56,,,,
6207,7.97,31.2,3.09,-19.02,5.59,66.73,,,,
6213,36.30,30.91,1.39,32.19,2.95,206.18,,,,
6215,8.28,48.9,3.54,104.69,1.9,45.51,,,,
6218,6.43,0.0,2.01,36.18,13.54,-183.86,,8/22法說會,,
6219,11.90,20.48,3.46,-99.91,-97.76,44.75,,,,
6223,9.42,46.81,9.28,18.58,-1.67,50.25,,,,
6224,8.56,44.43,2.18,0.32,7.11,456.88,,,,
6231,4.57,59.43,16.98,7.93,-41.65,166.25,,7月營收1.07億元,,
6235,19.40,18.62,3.44,6.87,-6.33,-4.74,,,,
6239,75.91,11.7,2.0,1.36,-3.99,39.75,,,,
6244,38.70,45.98,2.28,-32.06,-18.22,-1.53,,,,
6257,47.41,13.62,1.89,7.82,0.32,82.04,,,,
6264,12.59,0.0,2.5,-67.56,-89.04,144.46,,,,
6271,20.91,18.35,1.16,7.7,-0.84,109.47,,,,
6274,27.21,23.26,3.63,65.17,10.21,1749.39,,,,
6278,29.24,10.5,1.55,-9.2,2.55,68.14,,,,
6284,14.90,14.01,1.87,10.3,2.97,75.36,,,,
6285,48.42,13.3,1.99,-7.53,-16.09,25.82,,,,
6288,21.87,70.54,1.66,35.97,-6.24,584.51,,,,
6411,9.90,24.8,1.97,-0.26,1.31,-14.47,,,,
6412,40.08,14.32,3.71,5.23,-2.94,16.16,,,,
6415,9.66,311.95,6.02,43.81,3.45,-57.75,,,,
6425,4.36,75.95,3.23,101.06,103.82,144.73,,,,
6442,7.56,67.85,11.91,149.58,-7.15,390.71,,,,
6443,51.28,46.06,1.64,-36.85,-28.27,-83.65,,,,
6446,34.16,165.54,9.01,97.31,3.68,207.66,,7月營收8.80億元,,
6449,8.90,32.02,4.11,8.58,3.87,70.68,,,,
6451,10.75,86.51,3.84,1.74,-6.55,-221.67,,,,
6462,8.84,0.0,5.21,21.12,14.89,-11.77,,,,
6477,12.38,0.0,1.32,1.3,18.34,-111.8,,,,
6488,47.81,13.03,2.52,-2.29,0.36,-34.5,,,,
6505,952.60,20.58,1.66,12.73,6.81,137.18,,,,
6531,8.11,30.32,4.51,-23.44,-9.12,35.51,,,,
6546,6.62,41.33,6.19,4.01,3.69,0.74,,,,
6548,3.80,54.57,3.27,4.05,0.53,8.98,2024/09/19,12/19除息0.41元,,
6550,74.61,0.0,6.0,0.0,-18.28,-46.96,,,,
6592,62.32,14.9,1.79,8.33,1.47,0.47,,,,
6603,15.91,60.61,1.39,14.6,-4.37,134.82,2024/09/09,調整112年下半年股利：現金0.14506677元,,
6605,16.58,13.32,2.24,16.11,-3.5,57.36,,,,
6609,7.25,26.42,1.96,14.58,-17.62,220.33,,,,
6640,2.83,104.88,16.87,95.82,37.63,380.47,,7月營收1.68億元,,
6643,4.18,87.52,18.11,-17.4,-22.36,-9.73,,,,
6658,3.29,62.66,2.16,-6.06,-17.23,128.48,,,2024/10/18,
6668,9.68,0.0,2.4,12.38,6.24,30.33,,,,
6669,18.58,21.56,7.25,76.23,1.18,58.97,,,,
6684,4.46,0.0,1.85,-18.27,-18.58,13.81,,,,
6695,9.64,0.0,3.42,-2.62,24.96,-92.01,,,,
6698,6.64,0.0,2.15,-18.85,36.45,29.4,,,,
6706,7.36,0.0,2.74,-44.42,41.67,-44.85,,7月營收0.62億元,,
6753,10.78,18.24,4.29,-24.43,-30.0,98.42,2024/08/26,8/26除權0.50元，除息1.10元,,
6768,19.60,15.92,1.18,45.09,-7.03,169.62,,,,
6782,6.30,27.27,4.45,76.12,-3.72,240.71,,,,
6788,3.87,27.14,5.99,103.84,-2.04,62.8,,,,
6789,31.70,131.84,5.51,33.29,3.03,135.95,,,,
6805,6.86,63.02,11.91,24.75,0.5,88.71,,,,
6806,22.46,41.11,2.67,16.1,-37.54,38.76,,,,
6841,9.72,0.0,4.69,341.44,-1.72,-475.79,,,,
6869,13.39,40.0,6.47,-63.56,-60.73,-70.52,,,,
8011,16.59,38.82,1.48,-12.18,-44.29,424.07,,,,
8021,14.22,35.93,1.3,40.78,0.35,175.41,,,,
8027,10.56,230.71,3.76,13.19,-13.42,85.23,,,,
8028,17.26,79.6,6.31,9.7,7.13,-14.39,,7月營收3.15億元，8/22法說會,,
8039,23.78,17.77,1.48,26.96,-1.6,504.12,,,,
8043,7.99,32.92,1.52,-2.05,48.79,380.92,,,,
8046,64.62,50.34,2.1,-6.24,13.85,-100.87,,,,
8050,20.61,16.73,1.93,-26.06,-3.11,-21.56,,7月營收4.01億元,,
8054,9.78,0.0,6.09,46.22,7.46,-57.12,,,,
8059,19.28,0.0,3.13,121.4,35.0,-199.21,,,,
8064,16.48,72.33,3.61,-19.87,-26.76,6.58,,自結7月合併獲利4700萬元,,
8069,114.49,49.43,6.74,29.47,8.74,-19.77,,,,
8070,7.23,24.46,2.16,5.98,0.17,3.61,,,,
8071,5.19,0.0,1.9,-18.24,7.54,-239.82,,,,
8076,30.15,24.01,2.01,-21.66,-24.15,167.77,2024/08/29,8/29除息0.80元,,
8086,19.65,29.35,2.66,76.38,-4.04,318.44,2024/08/27,8/27除息1.00元,,
8096,14.93,111.22,3.49,15.62,28.82,146.75,,,,
8103,8.95,17.74,1.76,14.57,14.5,112.15,,,,
8104,9.17,0.0,1.59,-4.14,7.7,4488.48,,,,
8105,44.15,67.41,1.02,21.12,28.96,-98.67,2024/09/24,9/24除息0.10元,,
8110,51.77,43.05,0.85,16.55,10.29,306.9,,7月營收6.69億元，8/22法說會,,
8111,10.91,35.49,1.75,15.3,-3.55,8.13,,,,
8112,52.46,12.8,2.27,70.47,-20.55,100.57,,,,
8150,72.72,13.92,1.11,12.37,7.59,6.92,,,,
8201,6.24,0.0,2.19,4.74,-46.28,13.97,,7月營收0.36億元,,
8210,12.10,22.63,6.09,111.12,13.39,176.29,,,,
8234,14.12,308.42,2.69,21.79,30.37,-110.82,,,,
8277,9.16,0.0,2.39,-23.98,-29.83,31.92,,,,
8299,20.48,13.68,2.23,38.65,-12.22,613.38,,8/22申報轉讓51.00張,,
8354,7.85,10.41,0.67,-4.45,-2.78,287.24,2024/09/05,9/5除息0.30元,,
8374,11.23,0.0,7.79,0.4,-2.87,66.45,,,,
8390,9.61,18.69,2.33,44.14,-3.7,-36.52,,,,
8440,4.37,63.29,3.27,16.47,9.98,-52.9,,,,
8464,29.30,21.3,5.48,21.95,12.96,27.84,,,,
8926,73.03,32.04,2.22,99.89,6.49,-26.09,,8/28法說會,,
8927,35.47,44.12,4.35,72.3,-55.97,1806.46,2024/09/06,7月營收11.55億元,,
8935,11.35,0.0,1.93,9.72,7.95,-55.5,,,,
8936,24.81,19.85,2.98,-3.51,-34.1,49.14,,,,
8996,9.10,60.85,11.35,-11.59,1.26,-11.95,,,,
9103,2.06,0.0,0.95,0.0,0.0,14.89,,,,
9105,18.96,30.32,2.45,1.8,-0.86,94.8,2024/08/28,8/28除息0.06元,,
9802,19.10,20.3,1.73,-9.15,9.5,-37.14,2024/09/13,9/13除息3.00元,,
9902,9.80,28.22,1.58,215.76,-77.39,211.37,,,,
9904,294.68,7.09,0.73,16.54,5.92,80.96,,8/23法說會,,
9906,8.60,216.85,15.67,205.58,208.25,-100.76,2024/09/02,：公司調整股票股利配股率為0.2077990元,,
9907,157.91,36.7,1.29,43.45,2.99,2.53,,,,
9914,29.90,46.38,3.38,18.1,1.26,-14.93,,8/28法說會,,
9921,39.21,30.55,2.74,16.62,6.75,-14.87,,8/23除息5.00元,,
9933,81.07,18.16,2.18,12.67,-4.33,19.01,,,,
9934,40.96,10.22,1.23,-1.88,-3.04,65.17,,,,
9935,17.38,17.85,2.2,15.16,10.61,2078.8,,,,
9938,29.80,16.84,1.44,27.06,12.42,11273.95,,,,
9939,28.78,15.93,2.81,11.87,12.0,29.5,,,,
9940,73.68,12.77,1.87,28.97,-8.78,13.03,,,,
9941,54.82,15.06,2.67,-1.64,-1.16,-26.08,2024/08/27,8/27除息6.10元,,
9945,284.42,9.82,1.32,36.55,-4.59,145.52,,8/27法說會,,
9946,32.66,51.22,1.86,129.58,13.27,488.41,2024/09/05,9/5除息0.70元,,
9955,10.32,0.0,3.01,14.47,22.89,-64.67,,,,
9958,25.69,26.04,4.36,-22.96,-8.53,637.47,,7月營收9.19億元,,
